Exchange Date,Close,Net,%Chg,Open,Low,High
2024-04-22 00:00:00,1067.81,5.07999999999993,0.00478014171050025,1063.63,1061.95,1069.61
2024-04-19 00:00:00,1062.73,-15.1600000000001,-0.0140645149319505,1077.39,1054.16,1077.51
2024-04-18 00:00:00,1077.89,3.02000000000021,0.0028096420962537,1076.24,1072.81,1083.88
2024-04-17 00:00:00,1074.87,3.80999999999995,0.00355722368494757,1070.8,1070.46,1076.86
2024-04-16 00:00:00,1071.06,-20.72,-0.0189781824177032,1091.6,1070.13,1091.64
2024-04-12 00:00:00,1103.61,-13.0900000000001,-0.0117220381481151,1116.74,1103.61,1117.06
2024-04-11 00:00:00,1116.7,-3.08999999999992,-0.00275944596754741,1117.28,1112.68,1118.3
2024-04-10 00:00:00,1119.79,2.21000000000004,0.00197748707027688,1119.16,1116.54,1125.9
2024-04-09 00:00:00,1117.58,10.0699999999999,0.00909246869102756,1108.37,1108.14,1120.14
2024-04-08 00:00:00,1107.51,4.82999999999993,0.00438023724017841,1102.26,1101.73,1108.51
2024-04-05 00:00:00,1102.68,-1.06999999999994,-0.000969422423556001,1103.47,1097.37,1104.49
2024-04-04 00:00:00,1103.75,4.70000000000005,0.00427642054501619,1100.68,1099.88,1106.39
2024-04-03 00:00:00,1099.05,-6.03999999999996,-0.00546561818494418,1105.74,1097.32,1106.15
2024-04-02 00:00:00,1105.09,9.43999999999983,0.00861589011089292,1095.53,1095.13,1106.03
2024-04-01 00:00:00,1095.65,-0.949999999999818,-0.000866314061644919,1097.78,1094.72,1098.88
2024-03-29 00:00:00,1096.6,2.68999999999983,0.00245906884478598,1094.07,1093.84,1097.87
2024-03-28 00:00:00,1093.91,4.19000000000005,0.00384502440994022,1089.59,1087.23,1096.89
2024-03-27 00:00:00,1089.72,-1.79999999999995,-0.00164907651715035,1091.6,1087.07,1092.3
2024-03-26 00:00:00,1091.52,1.23000000000002,0.00112814021957463,1091.13,1086.42,1095.9
2024-03-25 00:00:00,1090.29,-1.6400000000001,-0.00150192777925334,1091.17,1089.38,1094.95
2024-03-22 00:00:00,1091.93,-8.57999999999993,-0.00779638531226425,1099.95,1086.78,1101.31
2024-03-21 00:00:00,1100.51,14.78,0.0136129608650401,1088.47,1088.46,1103.23
2024-03-20 00:00:00,1085.73,0.779999999999973,0.000718927139499491,1085.24,1080.63,1088.13
2024-03-19 00:00:00,1084.95,-9.62999999999988,-0.00879789508304544,1094.33,1084.49,1094.49
2024-03-18 00:00:00,1094.58,1.84999999999991,0.0016930074217784,1092.81,1091.85,1097.84
2024-03-14 00:00:00,1105.46,1.87000000000012,0.00169446986652663,1104.64,1100.26,1107.94
2024-03-13 00:00:00,1103.59,-3.81000000000017,-0.00344049124074424,1107.64,1100.22,1111.16
2024-03-12 00:00:00,1107.4,8.74000000000001,0.00795514535889175,1098.74,1096.77,1108.67
2024-03-11 00:00:00,1098.66,1.01999999999998,0.000929266426150634,1097.78,1094.68,1100.78
2024-03-08 00:00:00,1097.64,6.83000000000015,0.0062614020773555,1092.53,1091.87,1102.78
2024-03-07 00:00:00,1090.81,3.34999999999991,0.00308057307854993,1088.6,1088.13,1094.98
2024-03-06 00:00:00,1087.46,8.36000000000013,0.00774719673802254,1078.69,1075.95,1089.34
2024-03-05 00:00:00,1079.1,-6.82000000000016,-0.00628038897893046,1085.54,1078.51,1087.5
2024-03-04 00:00:00,1085.92,6.30000000000018,0.00583538652488856,1080.52,1080.38,1088.67
2024-03-01 00:00:00,1079.62,3.76999999999998,0.00350420597666959,1075.8,1073.04,1081.04
30-Feb-2024,1175.73,2.5,0.0023,1073.15,1071.03,1073.7
2024-02-29 00:00:00,1075.85,2.30999999999995,0.00215175959908336,1073.15,1071.03,1077.7
2024-02-28 00:00:00,1073.54,-10.77,-0.00993258385517055,1084.55,1072.4,1085.61
2024-02-27 00:00:00,1084.31,5.39999999999986,0.0050050513944628,1079.25,1074.55,1084.95
2024-02-26 00:00:00,1078.91,-3.00999999999999,-0.00278209109730848,1082.21,1078.59,1084.24
2024-02-23 00:00:00,1081.92,-0.929999999999836,-0.000858844715334383,1082.81,1081.68,1087.15
2024-02-22 00:00:00,1082.85,8.40999999999985,0.00782733330851407,1075.5,1074.11,1084.48
2024-02-21 00:00:00,1074.44,2.09000000000015,0.00194899053480687,1073.32,1068.22,1080.26
2024-02-20 00:00:00,1072.35,5.7199999999998,0.00536268434227408,1066.72,1065.64,1073.61
2024-02-19 00:00:00,1066.63,-1.58999999999992,-0.00148845743386186,1068.71,1064.46,1069.29
2024-02-16 00:00:00,1068.22,8.41000000000008,0.00793538464441747,1060.94,1059.97,1069
2024-02-14 00:00:00,1046.75,4.51999999999998,0.00433685462901661,1041.04,1036.13,1046.9
2024-02-13 00:00:00,1042.23,-1.21000000000004,-0.00115962585294798,1043.72,1039.85,1045.8
2024-02-12 00:00:00,1043.44,0.289999999999964,0.000278004122130052,1044.08,1041.56,1044.43
2024-02-09 00:00:00,1043.15,-2.93999999999983,-0.00281046563871161,1046.19,1040.59,1046.22
2024-02-08 00:00:00,1046.09,-5.97000000000003,-0.00567458129764465,1052,1045.44,1053.15
2024-02-07 00:00:00,1052.06,0.710000000000036,0.00067532220478436,1052.1,1050.77,1057.1
2024-02-06 00:00:00,1051.35,17.6599999999999,0.0170844256982266,1034.36,1034.21,1052.17
2024-02-05 00:00:00,1033.69,-3.05999999999995,-0.00295153122739324,1034.47,1031.7,1039.98
2024-02-02 00:00:00,1036.75,1.00999999999999,0.000975148203217015,1036.93,1034.05,1043.47
2024-02-01 00:00:00,1035.74,4.82999999999993,0.00468518105363216,1030.6,1027.88,1036.86
2024-01-31 00:00:00,1030.91,-3.48000000000002,-0.00336430166571604,1035.19,1027.98,1035.32
2024-01-30 00:00:00,1034.39,-9.67999999999984,-0.00927140900514318,1044.95,1033.71,1045.26
2024-01-29 00:00:00,1044.07,6.59999999999991,0.00636162973387173,1037.77,1037.26,1046.44
2024-01-26 00:00:00,1037.47,-2.91000000000008,-0.00279705492224003,1040.52,1033.96,1041.29
2024-01-25 00:00:00,1040.38,6.81000000000017,0.00658881352980463,1033.55,1033.1,1041.41
2024-01-24 00:00:00,1033.57,14.7199999999999,0.0144476615792314,1018.8,1018.32,1036.12
2024-01-23 00:00:00,1018.85,3.68000000000006,0.0036250086192461,1014.86,1014.73,1023.2
2024-01-22 00:00:00,1015.17,-6.5,-0.00636213258684311,1022.1,1014.11,1025.95
2024-01-19 00:00:00,1021.67,12.02,0.0119051156341306,1010.52,1010.43,1022.52
2024-01-18 00:00:00,1009.65,2.70999999999992,0.00269132222376698,1007.58,1007.3,1012.78
2024-01-17 00:00:00,1006.94,-19.6699999999998,-0.0191601484497519,1025.77,1006.27,1026.09
2024-01-16 00:00:00,1026.61,-15.3800000000001,-0.0147602184282,1042.46,1025.44,1042.54
2024-01-15 00:00:00,1041.99,-0.879999999999882,-0.000843825213113698,1042.6,1040.02,1044.88
2024-01-12 00:00:00,1042.87,3.36999999999989,0.00324194324194314,1040.54,1037.45,1045.49
2024-01-11 00:00:00,1039.5,5.3900000000001,0.00521221146686532,1034.25,1034.05,1041.73
2024-01-10 00:00:00,1034.11,-1.90000000000009,-0.0018339591316687,1035.66,1031.04,1036.37
2024-01-09 00:00:00,1036.01,-2.96000000000004,-0.00284897542758697,1040,1035.49,1043.1
2024-01-08 00:00:00,1038.97,-5.00999999999999,-0.00479894250847717,1044.43,1037.07,1047.25
2024-01-05 00:00:00,1043.98,-0.539999999999964,-0.000516983877761999,1045.21,1038.93,1045.52
2024-01-04 00:00:00,1044.52,3.75,0.00360310154981408,1040.96,1038.94,1046.81
2024-01-03 00:00:00,1040.77,-13.02,-0.0123554028791315,1053.27,1040.29,1053.33
2024-01-02 00:00:00,1053.79,-10.0900000000001,-0.00948415234800931,1063.99,1052.33,1065.07
2024-01-01 00:00:00,1065.85,1.15,0.0015,1055.57,1055.65,1055.84
2023-12-29 00:00:00,1063.88,1.1400000000001,0.00107269887272531,1061.57,1059.65,1064.84
2023-12-28 00:00:00,1062.74,11.99,0.0114108969783488,1051.59,1051.04,1064.4
2023-12-27 00:00:00,1050.75,12.51,0.0120492371705964,1039.44,1039.09,1051.68
2023-12-26 00:00:00,1038.24,5.19000000000005,0.00502395818208224,1033.92,1033.74,1040.04
2023-12-25 00:00:00,1033.05,0.639999999999873,0.000619908757179679,1033.56,1032.74,1034.96
2023-12-22 00:00:00,1032.41,-2.37999999999988,-0.0022999835715458,1036.23,1030.45,1039.07
2023-12-21 00:00:00,1034.79,1.78999999999996,0.00173281703775408,1032.15,1027.34,1035.71
2023-12-20 00:00:00,1033,-4.6099999999999,-0.00444290243925936,1038.21,1031.82,1042.77
2023-12-19 00:00:00,1037.61,1.55999999999995,0.00150571883596346,1036.43,1032.36,1039.28
2023-12-18 00:00:00,1036.05,-4.47000000000003,-0.00429592895859765,1039.74,1034.37,1040.93
2023-12-15 00:00:00,1040.52,7.69000000000005,0.00744556219319739,1033.49,1033.2,1042.6
2023-12-14 00:00:00,1032.83,21.3199999999999,0.0210773991359452,1015.69,1015.66,1034.29
2023-12-13 00:00:00,1011.51,-0.180000000000064,-0.000177920113868936,1012.16,1005.77,1015.39
2023-12-12 00:00:00,1011.69,1.92000000000007,0.00190142309634875,1010.14,1010.01,1015.76
2023-12-11 00:00:00,1009.77,-2.97000000000003,-0.00293263818946623,1011.89,1004.4,1012.5
2020-12-10 00:00:00,1249.38,-0.789999999999964,-0.000631914059687853,1249.1,1242.03,1250.35
2023-12-08 00:00:00,1012.74,1.00999999999999,0.000998290057624061,1013.29,1009.93,1017.21
2023-12-07 00:00:00,1011.73,-3.85000000000002,-0.0037909371984482,1015.14,1009.2,1015.63
2023-12-06 00:00:00,1015.58,3.50999999999999,0.00346813955556433,1012.65,1011.53,1018.29
2023-12-05 00:00:00,1012.07,-6.81999999999994,-0.00669355867659898,1018.87,1009.98,1018.92
2023-12-04 00:00:00,1018.89,-4.03999999999996,-0.00394943935557659,1025.66,1017.32,1026.96
2023-12-01 00:00:00,1022.93,-1.13,-0.00110345096966974,1023.95,1020.24,1025.65
2023-11-30 00:00:00,1024.06,1.80999999999995,0.00177060405967224,1021.65,1017.72,1024.37
2023-11-29 00:00:00,1022.25,-3.03999999999996,-0.00296501477630716,1027.1,1021.12,1029.73
2023-11-28 00:00:00,1025.29,6.15999999999997,0.00604437117933921,1020.58,1020.18,1027.9
2023-11-27 00:00:00,1019.13,-3.40999999999997,-0.00333483286717387,1022.87,1018.25,1025.93
2023-11-24 00:00:00,1022.54,-6.03999999999996,-0.00587217328744479,1023.77,1021.38,1029.32
2023-11-23 00:00:00,1028.58,4.8599999999999,0.00474739186496298,1023.77,1021.38,1029.32
2023-11-22 00:00:00,1023.72,-4.61999999999989,-0.00449267751910836,1028.22,1021.39,1028.51
2023-11-21 00:00:00,1028.34,2.68999999999983,0.00262272705113813,1027.45,1027.32,1036.18
2023-11-20 00:00:00,1025.65,6.96000000000004,0.00683230423386902,1019.88,1017.97,1027.59
2023-11-17 00:00:00,1018.69,-2.94999999999993,-0.0028875141928663,1023.13,1017.93,1023.18
2023-11-16 00:00:00,1021.64,-3.5100000000001,-0.00342388918694835,1026.01,1017.82,1026.93
2023-11-15 00:00:00,1025.15,22.3800000000001,0.022318178645153,1006.62,1006.13,1027.7
2023-11-14 00:00:00,1002.77,7.19999999999993,0.00723203792802106,996.84,995.19,1007.01
2023-11-13 00:00:00,995.57,5.70000000000005,0.00575833190216902,990.88,990.67,997.58
2023-11-10 00:00:00,989.87,-8.39999999999998,-0.00841455718392817,995.93,987.13,996.06
2023-11-09 00:00:00,998.27,-2.27999999999997,-0.00227874668932085,1000.9,995.39,1002.11
2023-11-08 00:00:00,1000.55,-0.430000000000064,-0.000429579012567747,1001.81,999.28,1004.3
2023-11-07 00:00:00,1000.98,-5.99000000000001,-0.00594853868536303,1007.18,999.77,1007.22
2023-11-06 00:00:00,1006.97,12.76,0.0128343106587139,995.67,995.36,1008.14
2023-11-03 00:00:00,994.21,16.99,0.0173860543173492,977.76,976.5,996.59
2023-11-02 00:00:00,977.22,15.59,0.0162120566122106,964.82,964.67,978.06
2023-11-01 00:00:00,961.63,-0.32000000000005,-0.000332657622537606,962.07,957.6,964.24
2023-10-31 00:00:00,961.95,-5.62,-0.00580836528623252,968.12,959.44,968.66
2023-10-30 00:00:00,967.57,1.59000000000003,0.00164599681152822,964.84,962.31,970.83
2023-10-27 00:00:00,965.98,9.08000000000004,0.00948897481450522,958.01,957.13,969.37
2023-10-26 00:00:00,956.9,-8.06000000000006,-0.0083526778312055,964.91,953.23,965.14
2023-10-25 00:00:00,964.96,1.63,0.00169204737732656,964.35,964.11,974.76
2023-10-24 00:00:00,963.33,0.509999999999991,0.000529694023805063,964.17,959.01,965.48
2023-10-23 00:00:00,962.82,-7.62,-0.00785210832199827,971.18,960.9,971.29
2023-10-20 00:00:00,970.44,-4.44999999999993,-0.00456461754659493,975.59,969.83,976.04
2023-10-19 00:00:00,974.89,-9.38,-0.00952990541213285,984.03,974.89,984.72
2023-10-18 00:00:00,984.27,-10.78,-0.0108336264509321,994.53,983.63,994.87
2023-10-17 00:00:00,995.05,3.82999999999993,0.00386392526381623,992.68,992.25,996.66
2023-10-16 00:00:00,991.22,-4.55999999999995,-0.00457932475044683,996.02,988.88,996.32
2023-10-13 00:00:00,995.78,-9.77999999999997,-0.00972592386331991,1004.67,995.26,1005.21
2023-10-12 00:00:00,1005.56,5.57999999999993,0.00558011160223197,1000.34,999.85,1010.18
2023-10-11 00:00:00,999.98,12.87,0.0130380606011488,989.85,989.42,1000.5
2023-10-10 00:00:00,987.11,12.0700000000001,0.0123789793239252,977.02,976.84,989.5
2023-10-09 00:00:00,975.04,-2.60000000000002,-0.00265946565197826,979.63,974.39,980.04
2023-10-06 00:00:00,977.64,6.92999999999995,0.00713910436690665,971.51,971.17,980.8
2023-10-05 00:00:00,970.71,1.63999999999999,0.00169234420630087,970.45,969.77,976.87
2023-10-04 00:00:00,969.07,-9.15999999999997,-0.00936385103707714,977.67,966.95,977.94
2023-10-03 00:00:00,978.23,-15.48,-0.0155779855289773,992.74,977.17,992.85
2023-10-02 00:00:00,993.71,-1.78999999999996,-0.00179809141135104,995.27,991.92,998.12
2023-09-29 00:00:00,995.5,10,0.0101471334348047,987.82,986.82,998.41
2023-09-28 00:00:00,985.5,-5.33000000000004,-0.00537932844181145,990.55,983.85,991.93
2023-09-27 00:00:00,990.83,0.780000000000086,0.00078783899803049,989.42,987.29,993.13
2023-09-26 00:00:00,990.05,-9.5200000000001,-0.00952409536100533,1000.09,989.19,1000.3
2023-09-25 00:00:00,999.57,-6.41999999999996,-0.00638177317865979,1005.99,999.57,1007.25
2023-09-22 00:00:00,1005.99,7.43000000000006,0.00744071462906592,998.13,996.02,1007.87
2023-09-21 00:00:00,998.56,-13.4100000000001,-0.0132513809697917,1011.52,997.38,1011.6
2023-09-20 00:00:00,1011.97,-3.67999999999995,-0.00362329542657407,1015.68,1009.1,1015.9
2023-09-19 00:00:00,1015.65,0.0199999999999818,1.96922107460215e-05,1016.44,1013.59,1017.09
2023-09-18 00:00:00,1015.63,-8.39999999999998,-0.00820288468111284,1025.18,1014.74,1025.8
2023-09-15 00:00:00,1024.03,2.12,0.00207454668219315,1021.98,1019.24,1027.24
2023-09-14 00:00:00,1021.91,6.75,0.00664919815595571,1015.65,1015.36,1022.13
2023-09-13 00:00:00,1015.16,-0.790000000000077,-0.000777597322702965,1017.07,1013.31,1019.6
2023-09-12 00:00:00,1015.95,-1.55999999999995,-0.00153315446531233,1018.99,1014.7,1020.58
2023-09-11 00:00:00,1017.51,4.22000000000003,0.00416465177787211,1012.91,1007.11,1018.94
2023-09-08 00:00:00,1013.29,0.819999999999936,0.000809900540262858,1012.61,1010.92,1014.18
2023-09-07 00:00:00,1012.47,-7.44999999999993,-0.00730449447015446,1020.05,1012.02,1020.26
2023-09-06 00:00:00,1019.92,-3.78000000000009,-0.00369248803360368,1024.09,1018.52,1024.93
2023-09-05 00:00:00,1023.7,-10.6299999999999,-0.0102771842642096,1034.04,1023.28,1034.11
2023-09-04 00:00:00,1034.33,11.3799999999999,0.0111246884011925,1022.95,1022.69,1037.85
2023-09-01 00:00:00,1022.95,4.10000000000002,0.00402414486921531,1019.07,1018.49,1025.65
2023-08-31 00:00:00,1018.85,-9.59000000000003,-0.00932480261366733,1028.52,1018.85,1031.51
2023-08-30 00:00:00,1028.44,-0.0699999999999363,-6.80596202272572e-05,1030.08,1028.44,1035.12
2023-08-29 00:00:00,1028.51,9.79999999999995,0.00962000962000958,1019.56,1017.34,1030.22
2023-08-28 00:00:00,1018.71,7.10000000000002,0.0070185150403812,1012.93,1012.87,1028.1
2023-08-25 00:00:00,1011.61,-11.97,-0.0116942495945603,1022.89,1010.76,1023.2
2023-08-24 00:00:00,1023.58,10.7900000000001,0.010653738682254,1014.52,1014.34,1028.67
2023-08-23 00:00:00,1012.79,5.71999999999991,0.0056798435064096,1006.34,1006.3,1014.51
2023-08-22 00:00:00,1007.07,7.81000000000006,0.0078157836799232,999.99,999.79,1009.4
2023-08-21 00:00:00,999.26,-5.06000000000006,-0.00503823482555367,1004.73,997.65,1005.73
2023-08-18 00:00:00,1004.32,-10.3599999999999,-0.0102101155043954,1015.26,1002.91,1016.08
2023-08-17 00:00:00,1014.68,-1.55000000000007,-0.00152524526927966,1014.4,1004.89,1017.72
2023-08-16 00:00:00,1016.23,-3.75999999999999,-0.0036863106501044,1019.71,1013.03,1019.81
2023-08-15 00:00:00,1019.99,-4.93000000000006,-0.00481013152246035,,,
2023-08-14 00:00:00,1024.92,-12.4299999999998,-0.0119824552947413,1036.29,1021.09,1036.34
2023-08-11 00:00:00,1037.35,-10.6700000000001,-0.0101811034140571,1047.13,1035.79,1048.49
2023-08-10 00:00:00,1048.02,1.21000000000004,0.00115589266438039,1047.28,1040.75,1051.21
2023-08-09 00:00:00,1046.81,4.48000000000002,0.00429806299348577,1043.16,1041.08,1048.8
2023-08-08 00:00:00,1042.33,-12.6500000000001,-0.0119907486397847,1055.27,1040.38,1055.5
2023-08-07 00:00:00,1054.98,-0.740000000000009,-0.000700943431970607,1055.97,1051.2,1057.45
2023-08-04 00:00:00,1055.72,4.87000000000012,0.00463434362658811,1050.68,1049.24,1058.47
2023-08-03 00:00:00,1050.85,-5.00999999999999,-0.00474494724679407,1055.89,1050.04,1058.18
2023-08-02 00:00:00,1055.86,-22.72,-0.021064733260398,1077.38,1054.57,1077.51
2023-08-01 00:00:00,1078.58,-5.82000000000016,-0.00536702323865747,1084.78,1076.38,1089.26
2023-07-31 00:00:00,1084.4,4.11000000000013,0.00380453396773101,,,
2023-07-28 00:00:00,1080.29,8.81999999999994,0.00823168170830722,1069.73,1065.09,1080.84
2023-07-27 00:00:00,1071.47,4.56999999999994,0.00428343799793789,1067.44,1067.29,1076.04
2023-07-26 00:00:00,1066.9,1.51999999999998,0.00142672098218474,1065.8,1061.25,1068.44
2023-07-25 00:00:00,1065.38,21.2800000000002,0.0203811895412319,1044.73,1044.31,1066.59
2023-07-24 00:00:00,1044.1,-3.45000000000005,-0.00329339888310825,1046.99,1039.25,1047.23
2023-07-21 00:00:00,1047.55,-3.70000000000005,-0.00351961950059457,1051.12,1044.44,1051.72
2023-07-20 00:00:00,1051.25,-1.06999999999994,-0.00101680097308797,1053.35,1049.8,1059.52
2023-07-19 00:00:00,1052.32,-3.31000000000017,-0.0031355683336019,1055.32,1048.07,1056.78
2023-07-18 00:00:00,1055.63,-6.23999999999978,-0.00587642555115012,1063.67,1054.14,1064.07
2023-07-17 00:00:00,1061.87,-0.420000000000073,-0.000395372261811815,1062.26,1059.53,1063.38
2023-07-14 00:00:00,1062.29,6.74000000000001,0.00638529676471982,1056.94,1056.74,1064.46
2023-07-13 00:00:00,1055.55,15.03,0.0144447007265598,1042.01,1041.69,1057.81
2023-07-12 00:00:00,1040.52,11.1199999999999,0.0108024091703904,1030.92,1030.14,1042.96
2023-07-11 00:00:00,1029.4,12.1300000000001,0.0119240712888418,1017.6,1017.5,1030.66
2023-07-10 00:00:00,1017.27,1.18999999999994,0.00117116762459643,1016.87,1016.6,1025.7
2023-07-07 00:00:00,1016.08,-3.59999999999991,-0.0035305193786285,1018.36,1012.12,1018.65
2023-07-06 00:00:00,1019.68,-18.8200000000001,-0.0181222917669716,,,
2023-07-05 00:00:00,1038.5,-7.44000000000005,-0.00711321873147604,1046.02,1037.57,1046.42
2023-07-04 00:00:00,1045.94,2.85000000000014,0.0027322666308757,1043.25,1041.22,1047.67
2023-07-03 00:00:00,1043.09,15.3499999999999,0.0149356841224433,1028.64,1028.49,1044.07
2023-06-30 00:00:00,1027.74,3.19000000000005,0.00311356205163248,1024.53,1020.95,1029.58
2023-06-29 00:00:00,1024.55,-4.25999999999999,-0.00414070625285523,1029.79,1023.11,1032.07
2023-06-28 00:00:00,1028.81,-1.25999999999999,-0.00122321783956429,1030.35,1026.51,1032.33
2023-06-27 00:00:00,1030.07,6.12999999999988,0.00598667890696709,1024.24,1022.33,1032.19
2023-06-26 00:00:00,1023.94,-3.33999999999992,-0.00325130441554388,1027.27,1022.15,1028.3
2023-06-23 00:00:00,1027.28,-9.21000000000004,-0.00888575866626792,1036.08,1026.2,1036.71
2023-06-22 00:00:00,1036.49,-4.34999999999991,-0.00417931670573759,1041.81,1035.29,1042.32
2023-06-21 00:00:00,1040.84,-7.88000000000011,-0.00751392173316053,1048.58,1039.17,1049.08
2023-06-20 00:00:00,1048.72,-11.8199999999999,-0.0111452656194014,1060.75,1047.26,1061.01
2023-06-19 00:00:00,1060.54,-5.19000000000005,-0.00486990138215125,1066.16,1056.19,1066.23
2023-06-16 00:00:00,1065.73,5.75999999999999,0.00543411605988848,1066.57,1065.28,1067.06
2023-06-15 00:00:00,1059.97,10.76,0.010255334966308,,,
2023-06-14 00:00:00,1049.21,3.5,0.00334700825276606,,,
2023-06-13 00:00:00,1045.71,9.27999999999997,0.00895381260673656,,,
2023-06-12 00:00:00,1036.43,1.57000000000016,0.00151711342597082,,,
2023-06-09 00:00:00,1034.86,6.61999999999989,0.00643818563759423,,,
2023-06-08 00:00:00,1028.24,-1.49000000000001,-0.00144698124751149,,,
2023-06-07 00:00:00,1029.73,9.05000000000007,0.00886663792765614,,,
2023-06-06 00:00:00,1020.68,2.12,0.00208136977694,,,
2023-06-05 00:00:00,1018.56,3.1099999999999,0.0030626815697473,,,
2023-06-02 00:00:00,1015.45,23.5500000000001,0.0237423127331385,,,
2023-06-01 00:00:00,991.9,3.75999999999999,0.00380512882789887,,,
2023-05-31 00:00:00,988.14,-12.01,-0.0120081987701845,,,
2023-05-30 00:00:00,1000.15,-2.88,-0.00287129996111781,,,
2023-05-29 00:00:00,1003.03,-1.27999999999997,-0.00127450687536714,,,
2023-05-26 00:00:00,1004.31,8.05999999999995,0.0080903387703889,,,
2023-05-25 00:00:00,996.25,-7.16999999999996,-0.00714556217735341,,,
2023-05-24 00:00:00,1003.42,-7.5,-0.00741898468721561,,,
2023-05-23 00:00:00,1010.92,-6.28000000000009,-0.0061738104600866,,,
2023-05-22 00:00:00,1017.2,5.53000000000009,0.00546620933703687,,,
2023-05-19 00:00:00,1011.67,-3.70000000000005,-0.00364399184533721,,,
2023-05-18 00:00:00,1015.37,1.71000000000004,0.00168695617860036,,,
2023-05-17 00:00:00,1013.66,-6.20000000000005,-0.00607926578157791,,,
2023-05-16 00:00:00,1019.86,1.77999999999997,0.00174838912462672,,,
2023-05-15 00:00:00,1018.08,5.78000000000009,0.00570976983107783,,,
2023-05-12 00:00:00,1012.3,-4.43000000000006,-0.00435710562292847,,,
2023-05-11 00:00:00,1016.73,-2.5,-0.00245283203987324,,,
2023-05-10 00:00:00,1019.23,-2.02999999999997,-0.00198774063411861,,,
2023-05-09 00:00:00,1021.26,-8.98000000000002,-0.00871641559248332,,,
2023-05-08 00:00:00,1030.24,8.58000000000004,0.00839809721433749,,,
2023-05-05 00:00:00,1021.66,5.62,0.00553127829613008,,,
2023-05-04 00:00:00,1016.04,6.63999999999999,0.00657816524668118,,,
2023-05-03 00:00:00,1009.4,-3.37,-0.00332750772633471,,,
2023-05-02 00:00:00,1012.77,-3.47000000000003,-0.00341454774462728,,,
2023-05-01 00:00:00,1016.24,-0.340000000000032,-0.000334454740404131,,,
2023-04-28 00:00:00,1016.58,4.96000000000004,0.0049030268282557,,,
2023-04-27 00:00:00,1011.62,4.23000000000002,0.0041989696145485,,,
2023-04-26 00:00:00,1007.39,3.86000000000001,0.00384642212988153,,,
2023-04-25 00:00:00,1003.53,-12.1,-0.0119137875013539,,,
2023-04-24 00:00:00,1015.63,-1.61000000000001,-0.00158271401045969,,,
2023-04-21 00:00:00,1017.24,-8.81999999999994,-0.00859598853868189,,,
2023-04-20 00:00:00,1026.06,-0.3900000000001,-0.00037995031418978,,,
2023-04-19 00:00:00,1026.45,-11.0699999999999,-0.0106696738376127,,,
2023-04-18 00:00:00,1037.52,-3.49000000000001,-0.00335251342446279,,,
2023-04-17 00:00:00,1041.01,4.17000000000007,0.00402183557733119,,,
2023-04-14 00:00:00,1036.84,3,0.00290180298692254,,,
2023-04-13 00:00:00,1033.84,2.80999999999995,0.00272542990989588,,,
2023-04-12 00:00:00,1031.03,-2.97000000000003,-0.00287234042553194,,,
2023-04-11 00:00:00,1034,7.68000000000006,0.00748304622340017,,,
2023-04-10 00:00:00,1026.32,0.6099999999999,0.000594710005752016,,,
2023-04-07 00:00:00,1025.71,0.319999999999936,0.000312076380694113,,,
2023-04-06 00:00:00,1025.39,-0.579999999999927,-0.000565318674035232,,,
2023-04-05 00:00:00,1025.97,-0.910000000000082,-0.000886179495169914,,,
2023-04-04 00:00:00,1026.88,-1.66999999999985,-0.00162364493704715,,,
2023-04-03 00:00:00,1028.55,0.519999999999982,0.000505821814538469,,,
2023-03-31 00:00:00,1028.03,3.03999999999996,0.00296588259397649,,,
2023-03-30 00:00:00,1024.99,4.64999999999998,0.00455730442793576,,,
2023-03-29 00:00:00,1020.34,10.5300000000001,0.0104277042215863,,,
2023-03-28 00:00:00,1009.81,7.01999999999998,0.00700046869234833,,,
2023-03-27 00:00:00,1002.79,-9.35000000000002,-0.00923785247100206,,,
2023-03-24 00:00:00,1012.14,-4.08000000000004,-0.004014878668005,,,
2023-03-23 00:00:00,1016.22,15.1600000000001,0.0151439474157394,,,
2023-03-22 00:00:00,1001.06,9.44999999999993,0.00952995633363916,,,
2023-03-21 00:00:00,991.61,11.25,0.0114753763923457,,,
2023-03-20 00:00:00,980.36,-8.75,-0.00884633660563537,,,
2023-03-17 00:00:00,989.11,9.50999999999999,0.00970804409963249,,,
2023-03-16 00:00:00,979.6,-5.63999999999999,-0.00572449352442043,,,
2023-03-15 00:00:00,985.24,-0.0199999999999818,-2.02992103606985e-05,,,
2023-03-14 00:00:00,985.26,-15.47,-0.0154587151379493,,,
2023-03-13 00:00:00,1000.73,3.88,0.00389226062095601,,,
2023-03-10 00:00:00,996.85,-13.9499999999999,-0.0138009497427779,,,
2023-03-09 00:00:00,1010.8,-10.1800000000001,-0.00997081235675534,,,
2023-03-08 00:00:00,1020.98,-8.50999999999999,-0.00826622890946001,,,
2023-03-07 00:00:00,1029.49,-5,-0.00483329950023683,,,
2023-03-06 00:00:00,1034.49,3.48000000000002,0.00337533098612042,,,
2023-03-03 00:00:00,1031.01,8.26999999999998,0.00808612159493124,,,
2023-03-02 00:00:00,1022.74,-5.95000000000005,-0.00578405544916354,,,
2023-03-01 00:00:00,1028.69,24.5200000000001,0.0244181762052243,,,
2023-02-28 00:00:00,1004.17,-4.60000000000002,-0.00456000872349497,,,
2023-02-27 00:00:00,1008.77,-2.96000000000004,-0.00292568175303691,,,
2023-02-24 00:00:00,1011.73,-17.03,-0.0165539095610249,,,
2023-02-23 00:00:00,1028.76,4.79999999999995,0.00468768311262154,,,
2023-02-22 00:00:00,1023.96,-12,-0.0115834588208039,,,
2023-02-21 00:00:00,1035.96,-10.78,-0.0102986414964556,,,
2023-02-20 00:00:00,1046.74,5.42000000000007,0.00520493220143671,,,
2023-02-17 00:00:00,1041.32,-10.3700000000001,-0.00986032005629046,,,
2023-02-16 00:00:00,1051.69,4.94000000000005,0.00471936947695252,,,
2023-02-15 00:00:00,1046.75,-8.90000000000009,-0.00843082461042968,,,
2023-02-14 00:00:00,1055.65,-0.269999999999982,-0.000255701189484035,,,
2023-02-13 00:00:00,1055.92,2.20000000000005,0.00208784117222796,,,
2023-02-10 00:00:00,1053.72,-11.4100000000001,-0.0107123074178739,,,
2023-02-09 00:00:00,1065.13,4.15000000000009,0.00391147806744716,,,
2023-02-08 00:00:00,1060.98,4.93000000000006,0.0046683395672554,,,
2023-02-07 00:00:00,1056.05,0.669999999999845,0.000634842426424459,,,
2023-02-06 00:00:00,1055.38,-22.75,-0.0211013514140224,,,
2023-02-03 00:00:00,1078.13,-8.06999999999994,-0.007429570981403,,,
2023-02-02 00:00:00,1086.2,0.910000000000082,0.000838485566069974,,,
2023-02-01 00:00:00,1085.29,10.8,0.010051280142207,,,
2023-01-31 00:00:00,1074.49,-10.99,-0.0101245531930575,,,
2023-01-30 00:00:00,1085.48,-5.75999999999999,-0.00527839888567134,,,
2023-01-27 00:00:00,1091.24,-2.58999999999992,-0.00236782681038179,,,
2023-01-26 00:00:00,1093.83,10.6999999999998,0.00987877724742165,,,
2023-01-25 00:00:00,1083.13,-0.409999999999854,-0.000378389353415522,,,
2023-01-24 00:00:00,1083.54,0.519999999999982,0.000480138870934961,,,
2023-01-23 00:00:00,1083.02,2.44000000000005,0.00225804660460128,,,
2023-01-20 00:00:00,1080.58,8.66999999999985,0.00808836562771114,1073.8,1073.52,1082.14
2023-01-19 00:00:00,1071.91,-4.16999999999985,-0.00387517656679786,1073.15,1067.62,1074.79
2023-01-18 00:00:00,1076.08,4.99000000000001,0.00465880551587636,1072.12,1068.96,1079.55
2023-01-17 00:00:00,1071.09,-2.47000000000003,-0.00230075636201053,1072.42,1066.12,1072.83
2023-01-16 00:00:00,1073.56,-1.25999999999999,-0.00117228931355947,1075.57,1071.53,1082.23
2023-01-13 00:00:00,1074.82,11.71,0.0110148526493026,1066.33,1066.08,1076.36
2023-01-12 00:00:00,1063.11,1.59999999999991,0.00150728678957326,1062.33,1057.09,1067.66
2023-01-11 00:00:00,1061.51,3.91000000000008,0.00369704992435711,1058.84,1057.69,1065.61
2023-01-10 00:00:00,1057.6,1.18999999999983,0.00112645658409124,1057.44,1053.02,1059.2
2023-01-09 00:00:00,1056.41,23.4100000000001,0.0226621490803486,1035.47,1035.34,1058.8
2023-01-06 00:00:00,1033,3.42000000000007,0.00332174284659771,1030.48,1027.71,1036.73
2023-01-05 00:00:00,1029.58,10.1999999999999,0.0100060821283525,1020.54,1020.44,1033.22
2023-01-04 00:00:00,1019.38,9.87,0.00977702053471487,1008.52,1007.69,1020.5
2023-01-03 00:00:00,1009.51,8.05999999999995,0.0080483299216136,1001.11,991.88,1012.57
2023-01-02 00:00:00,1001.45,-0.199999999999932,-0.000199670543602987,1002.88,1000.17,1003.67
2023-01-01 00:00:00,1001.45,-0.199999999999932,-0.000199670543602987,1002.88,1000.17,1003.67
2022-12-30 00:00:00,1001.65,-1.48000000000002,-0.00147538205417046,1002.89,1000.87,1010.47
2022-12-29 00:00:00,1003.13,-1.26999999999998,-0.00126443647949022,1004.29,996.55,1004.4
2022-12-28 00:00:00,1004.4,4.85000000000002,0.00485218348256718,999.75,997.7,1005.99
2022-12-27 00:00:00,999.55,1.19999999999993,0.00120198327239939,998.31,998.14,1001.37
2022-12-26 00:00:00,998.35,2,0.00200732674261053,996.09,995.98,1000.17
2022-12-23 00:00:00,996.35,-7.74000000000001,-0.00770847234809629,1003.61,993.4,1003.65
2022-12-22 00:00:00,1004.09,10.76,0.0108322511149366,993.47,993.38,1006.89
2022-12-21 00:00:00,993.33,2.70000000000005,0.00272553829381307,991.15,990.5,995.42
2022-12-20 00:00:00,990.63,-7.67999999999995,-0.0076930011719806,998.54,981.21,998.69
2022-12-19 00:00:00,998.31,2.11999999999989,0.00212810809182976,996.08,991.88,1001.73
2022-12-16 00:00:00,996.19,-3.17999999999995,-0.0031820046629376,997.96,991,1000.97
2022-12-15 00:00:00,999.37,-13.0599999999999,-0.012899657260255,1013.5,997.94,1013.53
2022-12-14 00:00:00,1012.43,7.68999999999994,0.00765372136074999,1006.3,1006.04,1015.47
2022-12-13 00:00:00,1004.74,2.25999999999999,0.00225440906551751,1002.56,1000.68,1009.25
2022-12-12 00:00:00,1002.48,-16.35,-0.016047819557728,1018.01,1001.08,1018.15
2022-12-09 00:00:00,1018.83,7.42000000000007,0.00733629289803351,1012.09,1012.04,1022.37
2022-12-08 00:00:00,1011.41,11.4599999999999,0.0114605730286514,1001.1,999.4,1013.86
2022-12-07 00:00:00,999.95,-14.41,-0.0142060018139516,1014.48,997.72,1019.31
2022-12-06 00:00:00,1014.36,-9.04999999999995,-0.008842985704654,1021.58,1009.83,1022.28
2022-12-05 00:00:00,1023.41,12.3199999999999,0.0121848697939846,1012.57,1012.22,1028.61
2022-12-02 00:00:00,1011.09,-2.75,-0.00271245955969384,1014.51,1008.41,1016.43
2022-12-01 00:00:00,1013.84,3.69000000000005,0.00365292283324264,1012.48,1012.25,1029.46
2022-11-30 00:00:00,1010.15,19.18,0.019354773605659,991.65,987.7,1011.82
2022-11-29 00:00:00,990.97,22.76,0.0235072969706985,968.07,966.52,992.86
2022-11-28 00:00:00,968.21,-8.80999999999995,-0.00901721561482871,975.69,960.02,975.92
2022-11-25 00:00:00,977.02,-4.88999999999999,-0.00498008982493302,982.48,975.96,982.51
2022-11-24 00:00:00,981.91,12.66,0.0130616456022698,971.37,970.97,983.38
2022-11-23 00:00:00,969.25,4.27999999999997,0.00443537104780457,965.6,964.81,971.4
2022-11-22 00:00:00,964.97,-1.80999999999995,-0.00187219429446197,967.29,962.2,970.33
2022-11-21 00:00:00,966.78,-10.7,-0.0109465155297296,977.6,965.05,977.6
2022-11-18 00:00:00,977.48,0.75,0.000767868295230002,978.54,974.21,985.19
2022-11-17 00:00:00,976.73,-11.3,-0.0114368996892806,986.83,971.79,986.91
2022-11-16 00:00:00,988.03,-5.70000000000005,-0.00573596449739874,993.29,983.87,996.76
2022-11-15 00:00:00,993.73,22.1900000000001,0.0228400271733537,973.13,972.85,995.8
2022-11-14 00:00:00,971.54,6.57999999999993,0.00681893549991702,966.3,966.21,979.68
2022-11-11 00:00:00,964.96,43.7800000000001,0.0475259992618165,927.22,926.77,967.9
2022-11-10 00:00:00,921.18,-10.34,-0.0111001374098248,931.21,917.22,931.74
2022-11-09 00:00:00,931.52,-1.71000000000004,-0.00183234572399091,935.79,930.43,940.57
2022-11-08 00:00:00,933.23,0.25,0.000267958584321207,933.5,929.65,936.94
2022-11-07 00:00:00,932.98,12.3100000000001,0.013370697426874,922.22,918.74,937.13
2022-11-04 00:00:00,920.67,26.25,0.0293486281612665,895.1,893.25,924.49
2022-11-03 00:00:00,894.42,-13.2,-0.01454353143386,906.74,890.11,907
2022-11-02 00:00:00,907.62,6.49000000000001,0.00720206851397691,901.26,898.02,910.08
2022-11-01 00:00:00,901.13,21.18,0.0240695494062162,880.99,880.13,902.72
2022-10-31 00:00:00,879.95,1.36000000000001,0.00154793475910267,879.84,874.67,885.89
2022-10-28 00:00:00,878.59,-13.8299999999999,-0.0154971874229622,892.04,876.32,892.24
2022-10-27 00:00:00,892.42,7.64999999999998,0.0086463148614894,887.29,886.7,897.66
2022-10-26 00:00:00,884.77,6.79999999999995,0.00774513935555879,879.34,876.69,888.75
2022-10-25 00:00:00,877.97,0.560000000000059,0.000638242098904798,876.98,870.08,881.82
2022-10-24 00:00:00,877.41,-25.37,-0.0281020846717916,904.6,876.08,907.07
2022-10-21 00:00:00,902.78,0.360000000000014,0.000398927328738297,901.58,895.73,905.51
2022-10-20 00:00:00,902.42,-0.590000000000032,-0.000653370394569309,902.4,890.3,904.33
2022-10-19 00:00:00,903.01,-13.64,-0.0148802705503736,917.18,901.38,917.37
2022-10-18 00:00:00,916.65,13.38,0.0148128466571457,903.78,903.69,918.63
2022-10-17 00:00:00,903.27,2.43999999999994,0.00270861316785624,899.59,889.47,905.55
2022-10-14 00:00:00,900.83,8.13,0.00910720286770471,894.65,894.18,912.66
2022-10-13 00:00:00,892.7,-10.8099999999999,-0.0119644497570585,904.52,888.05,905.17
2022-10-12 00:00:00,903.51,-1.83000000000004,-0.00202134004904239,904.68,895.98,910.86
2022-10-11 00:00:00,905.34,-20.5799999999999,-0.0222265422498703,925.75,903.86,926.15
2022-10-10 00:00:00,925.92,-14.4400000000001,-0.0153558211748693,938.92,924.78,939.14
2022-10-07 00:00:00,940.36,-13.9,-0.0145662607675057,952.69,938.58,952.73
2022-10-06 00:00:00,954.26,0.789999999999964,0.000828552550158855,954.42,952.82,959.61
2022-10-05 00:00:00,953.47,17.98,0.0192198740766871,936.13,935.52,958.51
2022-10-04 00:00:00,935.49,16.97,0.0184753734268171,920.5,920.14,937.27
2022-10-03 00:00:00,918.52,-0.149999999999977,-0.000163279523659178,917.47,908.49,920.47
2022-09-30 00:00:00,918.67,2.75,0.00300244562843917,918.57,908.96,919.82
2022-09-29 00:00:00,915.92,-3.38,-0.00367671054062873,922.58,915.06,929.62
2022-09-28 00:00:00,919.3,-15.1400000000001,-0.0162022173708318,934.09,915.77,934.16
2022-09-27 00:00:00,934.44,2.6400000000001,0.00283322601416624,931.41,928.04,937.67
2022-09-26 00:00:00,931.8,-15.5,-0.0163622928322601,945.69,930.98,946.84
2022-09-23 00:00:00,947.3,-18.6600000000001,-0.0193175700857179,967.22,944.7,967.53
2022-09-22 00:00:00,965.96,-8.24000000000001,-0.00845822213097927,974.52,961.53,974.62
2022-09-21 00:00:00,974.2,-14.17,-0.0143367362425002,989.02,973.55,989.2
2022-09-20 00:00:00,988.37,8.63999999999999,0.00881875618792931,981.28,981.02,991.5
2022-09-19 00:00:00,979.73,-4.73000000000002,-0.00480466448611423,985.4,975.37,985.78
2022-09-16 00:00:00,984.46,-16.66,-0.0166413616749241,999.85,982.89,1000.24
2022-09-15 00:00:00,1001.12,-3.29999999999995,-0.003285478186416,1004.67,999.56,1008.26
2022-09-14 00:00:00,1004.42,-16.89,-0.0165375840831873,1018.02,1003.08,1018.29
2022-09-13 00:00:00,1021.31,-3.59000000000015,-0.00350278075909859,1026.13,1017.45,1030.35
2022-09-12 00:00:00,1024.9,10.1500000000001,0.0100024636610003,1014.8,1014.57,1026.23
2022-09-09 00:00:00,1014.75,15.04,0.0150443628652309,1000.36,1000.24,1015.55
2022-09-08 00:00:00,999.71,-0.139999999999986,-0.000140021003150459,1001.95,997.96,1002.69
2022-09-07 00:00:00,999.85,-7.79999999999995,-0.00774078300997366,1006.93,995.78,1007.08
2022-09-06 00:00:00,1007.65,-2.95000000000005,-0.00291905798535528,1011.29,1006.44,1015.44
2022-09-05 00:00:00,1010.6,-3.63999999999999,-0.00358889414734184,1014.03,1005.54,1014.94
2022-09-02 00:00:00,1014.24,-3.02999999999997,-0.00297856026423661,1016.59,1009.07,1016.84
2022-09-01 00:00:00,1017.27,-16.1600000000001,-0.0156372468381991,1033.39,1014.15,1033.4
2022-08-31 00:00:00,1033.43,-1.65999999999985,-0.00160372527992721,1033.91,1026,1042.51
2022-08-30 00:00:00,1035.09,-0.320000000000164,-0.000309056315855713,1036.09,1028.53,1041.14
2022-08-29 00:00:00,1035.41,-13.22,-0.0126069252262476,1047.35,1033.93,1047.36
2022-08-26 00:00:00,1048.63,4.04000000000019,0.00386754611857302,1045.02,1044.41,1052.39
2022-08-25 00:00:00,1044.59,17.8399999999999,0.0173752130508886,1026.66,1026.58,1045
2022-08-24 00:00:00,1026.75,-4.59999999999991,-0.00446017355892753,1031.58,1024.14,1033.04
2022-08-23 00:00:00,1031.35,-0.180000000000064,-0.000174498075674061,1031.77,1023.92,1032.72
2022-08-22 00:00:00,1031.53,-8.32999999999993,-0.00801069374723514,1039.63,1030.38,1039.98
2022-08-19 00:00:00,1039.86,-8.18000000000006,-0.00780504560894628,1047.67,1038.83,1050.35
2022-08-18 00:00:00,1048.04,-5.62000000000012,-0.00533378888825629,1054.27,1046.11,1054.72
2022-08-17 00:00:00,1053.66,2.84000000000015,0.00270265126282346,1052.5,1050.54,1058.26
2022-08-16 00:00:00,1050.82,-0.259999999999991,-0.000247364615443155,1050.8,1047,1054.46
2022-08-15 00:00:00,1051.08,-2.08000000000015,-0.0019750085457102,1053.78,1049.62,1057.09
2022-08-12 00:00:00,1053.16,2.99000000000001,0.00284715807916814,1049.9,1048.39,1054.11
2022-08-11 00:00:00,1050.17,17.02,0.0164738905289648,1034.28,1033.78,1053.27
2022-08-10 00:00:00,1033.15,-2.78999999999996,-0.00269320617024148,1036.31,1023.39,1036.58
2022-08-09 00:00:00,1035.94,0.1400000000001,0.000135161228036397,1036.32,1031.92,1040.6
2022-08-08 00:00:00,1035.8,0.230000000000018,0.000222099906331796,1035.34,1029.08,1036.9
2022-08-05 00:00:00,1035.57,8.14999999999986,0.00793249109419698,1029.63,1029.16,1037.4
2022-08-04 00:00:00,1027.42,9.0200000000001,0.00885703063629232,1019.91,1018.57,1029.79
2022-08-03 00:00:00,1018.4,1.07999999999993,0.00106161286517509,1015.93,1015.32,1021.85
2022-08-02 00:00:00,1017.32,-12.41,-0.0120517028735688,1027.61,1012.94,1027.9
2022-08-01 00:00:00,1029.73,2.88000000000011,0.00280469396698652,1026.7,1025.71,1031.56
2022-07-29 00:00:00,1026.85,-4.59000000000015,-0.00445008919568772,1033.14,1025.2,1035.96
2022-07-28 00:00:00,1031.44,7.30999999999995,0.00713776571333712,1026.6,1025.95,1033.43
2022-07-27 00:00:00,1024.13,0.650000000000091,0.000635088130691456,1023.33,1016.13,1026.7
2022-07-26 00:00:00,1023.48,1.73000000000002,0.00169317347687792,1023.25,1021.21,1027.5
2022-07-25 00:00:00,1021.75,-3.75,-0.00365675280351048,1025.48,1016.65,1025.52
2022-07-22 00:00:00,1025.5,2.57000000000005,0.00251239087718617,1023.57,1021.36,1028.31
2022-07-21 00:00:00,1022.93,2.78999999999996,0.00273491873664395,1019.48,1016.25,1023.79
2022-07-20 00:00:00,1020.14,6.56999999999994,0.00648203873437447,1013.82,1013.52,1024.56
2022-07-19 00:00:00,1013.57,-0.849999999999909,-0.000837917233492941,1013.57,1006.31,1013.84
2022-07-18 00:00:00,1014.42,17.8299999999999,0.017891008338434,997.1,996.17,1016.71
2022-07-15 00:00:00,996.59,-2.73000000000002,-0.002731857663211,999.89,991.04,1001.33
2022-07-14 00:00:00,999.32,-6.07999999999993,-0.0060473443405609,1005.52,996.57,1008.32
2022-07-13 00:00:00,1005.4,2.63999999999999,0.00263273365511188,1003,1002.01,1011.85
2022-07-12 00:00:00,1002.76,-13.95,-0.0137207266575523,1016.03,1001.11,1016.43
2022-07-11 00:00:00,1016.71,-19.53,-0.0188469852543812,1036.73,1015.67,1037.23
2022-07-08 00:00:00,1036.24,4.80999999999995,0.00466342844400487,1032.22,1032.15,1040.86
2022-07-07 00:00:00,1031.43,13.2800000000001,0.0130432647448805,1019.03,1012.17,1033.09
2022-07-06 00:00:00,1018.15,-8.90999999999997,-0.00867524779467604,1027.58,1012.68,1028.04
2022-07-05 00:00:00,1027.06,-4.78999999999996,-0.00464214759897268,1031.9,1024.66,1039.39
2022-07-04 00:00:00,1031.85,-1.11000000000013,-0.00107458178438674,1033.73,1025.76,1034.08
2022-07-01 00:00:00,1032.96,-8.40999999999985,-0.00807590001632451,1042.27,1030.44,1042.36
2022-06-30 00:00:00,1041.37,-13.0700000000002,-0.0123952050377453,1055.08,1039.79,1055.34
2022-06-29 00:00:00,1054.44,-15.6199999999999,-0.0145973123002447,1068.61,1053.04,1069.1
2022-06-28 00:00:00,1070.06,2.02999999999997,0.00190069567334248,1067.37,1058.25,1072.11
2022-06-27 00:00:00,1068.03,15.98,0.0151893921391569,1052.8,1052.4,1072.49
2022-06-24 00:00:00,1052.05,15.29,0.0147478683591188,1036.74,1036.16,1053.13
2022-06-23 00:00:00,1036.76,2.33999999999992,0.00226213723632559,1034.21,1031.08,1041.77
2022-06-22 00:00:00,1034.42,-22.8999999999999,-0.0216585328944878,1056.7,1032.78,1057.12
2022-06-21 00:00:00,1057.32,18.97,0.018269369673039,1038.26,1038.05,1058.16
2022-06-20 00:00:00,1038.35,-1.15000000000009,-0.00110630110630119,1040.1,1033.24,1041.29
2022-06-17 00:00:00,1039.5,-4.73000000000002,-0.00452965342884232,1045.85,1035.33,1047.79
2022-06-16 00:00:00,1044.23,-15.3299999999999,-0.0144682698478613,1063.74,1043.25,1070.29
2022-06-15 00:00:00,1059.56,5.47000000000003,0.0051893102107031,1055.19,1053.02,1065.45
2022-06-14 00:00:00,1054.09,1.16999999999985,0.00111119553242397,1053.58,1043.82,1057.87
2022-06-13 00:00:00,1052.92,-37.27,-0.0341867014006733,1088.73,1051.3,1089.07
2022-06-10 00:00:00,1090.19,-11.6699999999998,-0.0105911821828543,1101.1,1088.03,1101.41
2022-06-09 00:00:00,1101.86,-7.87000000000012,-0.00709181512620198,1110.13,1100.53,1113.67
2022-06-08 00:00:00,1109.73,13.6100000000001,0.0124165237382769,1097.14,1097.05,1113.24
2022-06-07 00:00:00,1096.12,-9.31000000000017,-0.0084220620030216,1104.7,1094.11,1104.86
2022-06-06 00:00:00,1105.43,11.24,0.0102724389731217,1094.58,1093.21,1109.51
2022-06-03 00:00:00,1094.19,-2.65999999999985,-0.00242512649860952,1099.71,1093.81,1100.99
2022-06-02 00:00:00,1096.85,-4.09000000000015,-0.00371500717568636,1101.4,1090.48,1101.5
2022-06-01 00:00:00,1100.94,-12.73,-0.0114306751551178,1114.2,1099.92,1114.73
2022-05-31 00:00:00,1113.67,13.46,0.0122340280491906,1101.06,1096.13,1116.09
2022-05-30 00:00:00,1100.21,22.6900000000001,0.0210576137797907,1077.67,1077.63,1103.16
2022-05-27 00:00:00,1077.52,22.04,0.0208814946754083,1057.1,1056.12,1078.11
2022-05-26 00:00:00,1055.48,4.38000000000011,0.00416706307677681,1052.52,1043.99,1056.81
2022-05-25 00:00:00,1051.1,1.20999999999981,0.00115250169065312,1051.24,1049.1,1055.54
2022-05-24 00:00:00,1049.89,-16.8699999999999,-0.0158142412538902,1066.28,1047.73,1067.5
2022-05-23 00:00:00,1066.76,-2.04999999999995,-0.0019180209766001,1067.63,1061.6,1069.86
2022-05-20 00:00:00,1068.81,20.99,0.0200320665763204,1050.07,1049.41,1070.4
2022-05-19 00:00:00,1047.82,-20.21,-0.0189226894375626,1066.66,1042.67,1066.69
2022-05-18 00:00:00,1068.03,1.8599999999999,0.00174456231182635,1068.25,1064.94,1074.2
2022-05-17 00:00:00,1066.17,24.8300000000002,0.0238442775654447,1041.57,1041.33,1068.78
2022-05-16 00:00:00,1041.34,4.26999999999998,0.00411736912648132,1037.94,1035.19,1046.31
2022-05-13 00:00:00,1037.07,15.5799999999999,0.0152522295861926,1021.26,1021.05,1039.02
2022-05-12 00:00:00,1021.49,-23.48,-0.0224695445802272,1044.12,1016.2,1044.28
2022-05-11 00:00:00,1044.97,6.29999999999995,0.00606544908392459,1039.73,1035.77,1050.84
2022-05-10 00:00:00,1038.67,-8.55999999999995,-0.0081739445966979,1047.38,1028.58,1047.44
2022-05-09 00:00:00,1047.23,-17.4300000000001,-0.0163714237409127,1064.09,1046.42,1064.1
2022-05-06 00:00:00,1064.66,-30.1499999999999,-0.0275390250363075,1092.95,1062.08,1093.06
2022-05-05 00:00:00,1094.81,-4.47000000000003,-0.00406629794047015,1105.63,1090.01,1113.86
2022-05-04 00:00:00,1099.28,-8.61000000000013,-0.00777152966449749,1109.99,1095.13,1111.64
2022-05-03 00:00:00,1107.89,-3.12999999999988,-0.00281723101294295,1109.83,1098.8,1112.03
2022-05-02 00:00:00,1111.02,-3.46000000000004,-0.00310458689254185,1114.32,1107.36,1114.97
2022-04-29 00:00:00,1114.48,20.8700000000001,0.0190835855560941,1095.65,1093.08,1125.91
2022-04-28 00:00:00,1093.61,10.6899999999998,0.00987145864883817,1084.21,1083.72,1095.99
2022-04-27 00:00:00,1082.92,-4.13999999999987,-0.0038084374367559,1086.58,1076.53,1086.73
2022-04-26 00:00:00,1087.06,5.91999999999985,0.00547570157426406,1083.83,1082.95,1098.15
2022-04-25 00:00:00,1081.14,-32.1899999999998,-0.0289132602193418,1112.34,1079.98,1112.63
2022-04-22 00:00:00,1113.33,-11.8600000000001,-0.0105404420586746,1124.92,1111.31,1124.98
2022-04-21 00:00:00,1125.19,-8.82999999999993,-0.00778645879261382,1134.8,1123.86,1135.13
2022-04-20 00:00:00,1134.02,1.21000000000004,0.00106814028830963,1133.21,1130.07,1140.05
2022-04-19 00:00:00,1132.81,-15.02,-0.0130855614507375,1148.44,1132.04,1151.04
2022-04-18 00:00:00,1147.83,-6.84000000000015,-0.00592377042791459,1153.99,1146.89,1154.24
2022-04-15 00:00:00,1154.67,-3.52999999999997,-0.00304783284406836,1158.63,1153.53,1158.63
2022-04-14 00:00:00,1158.2,0.170000000000073,0.000146801032788505,1160.21,1156.55,1164.98
2022-04-13 00:00:00,1158.03,5.67000000000007,0.00492033739456426,1153.06,1151.95,1164.63
2022-04-12 00:00:00,1152.36,0.329999999999927,0.000286450873675102,1153.05,1145.97,1159.28
2022-04-11 00:00:00,1152.03,-18.47,-0.0157795813754806,1171.8,1151.75,1171.94
2022-04-08 00:00:00,1170.5,4.09999999999991,0.00351508916323723,1167.58,1161.63,1172.23
2022-04-07 00:00:00,1166.4,-17.6699999999998,-0.0149231042083659,1182.97,1165.23,1184.12
2022-04-06 00:00:00,1184.07,-14.51,-0.0121059920906406,1198.18,1180.94,1198.44
2022-04-05 00:00:00,1198.58,-4.68000000000006,-0.00388943370510119,1204.87,1197.29,1206.66
2022-04-04 00:00:00,1203.26,17.3900000000001,0.0146643392614706,1186.32,1186.27,1205.15
2022-04-01 00:00:00,1185.87,5.89999999999986,0.00500012712187586,1180.25,1168.64,1187.01
2022-03-31 00:00:00,1179.97,-7.63999999999987,-0.00643308830339916,1188.08,1178.49,1189.57
2022-03-30 00:00:00,1187.61,14.0699999999999,0.0119893655094841,1175.78,1175.01,1190.44
2022-03-29 00:00:00,1173.54,12.7,0.0109403535370939,1162.06,1161.57,1176.61
2022-03-28 00:00:00,1160.84,-0.150000000000091,-0.000129200079242794,1160.6,1150.17,1164.25
2022-03-25 00:00:00,1160.99,-13.3799999999999,-0.0113933428135936,1174.12,1159.04,1175.68
2022-03-24 00:00:00,1174.37,-1.57000000000016,-0.00133510213106125,1175.34,1167.89,1176.72
2022-03-23 00:00:00,1175.94,8.79999999999995,0.00753979813904069,1168.16,1168.08,1180.92
2022-03-22 00:00:00,1167.14,17.0500000000002,0.0148249267448636,1149.4,1146.54,1169.24
2022-03-21 00:00:00,1150.09,-6.35000000000014,-0.00549098958873797,1155.83,1147.06,1165.03
2022-03-18 00:00:00,1156.44,0.6400000000001,0.000553729018861481,1157.78,1140.79,1157.95
2022-03-17 00:00:00,1155.8,41.74,0.0374665637398345,1117.99,1117.33,1158.21
2022-03-16 00:00:00,1114.06,57.23,0.0541525127030838,1058.44,1057.83,1117.12
2022-03-15 00:00:00,1056.83,-32.02,-0.0294071727051476,1088.29,1054.27,1088.62
2022-03-14 00:00:00,1088.85,-32.71,-0.0291647348336246,1121,1087.73,1122.24
2022-03-11 00:00:00,1121.56,-15.9300000000001,-0.0140045187210438,1138.38,1115.69,1138.5
2022-03-10 00:00:00,1137.49,11.49,0.0102042628774423,1127.41,1127.17,1144
2022-03-09 00:00:00,1126,11.51,0.0103275937872928,1115.84,1106.92,1128.32
2022-03-08 00:00:00,1114.49,-12.1700000000001,-0.0108018390641365,1125.24,1107.86,1126.35
2022-03-07 00:00:00,1126.66,-35.4599999999998,-0.0305132000137678,1161.97,1125.07,1162.25
2022-03-04 00:00:00,1162.12,-48.9300000000001,-0.0404029561124644,1209.66,1159.54,1210.14
2022-03-03 00:00:00,1211.05,3.56999999999994,0.00295657070924565,1214.31,1208.13,1216.82
2022-03-02 00:00:00,1207.48,-8.87999999999988,-0.00730047025551636,1215.21,1205.75,1215.63
2022-03-01 00:00:00,1216.36,7.70999999999981,0.0063790179125469,1210.13,1209,1223.84
2022-02-28 00:00:00,1208.65,-1.45999999999981,-0.00120650188825793,1209.06,1198.93,1210.5
2022-02-25 00:00:00,1210.11,17.4799999999998,0.014656683128883,1195.88,1195.2,1212.13
2022-02-24 00:00:00,1192.63,-54.6299999999999,-0.0438000096210893,1246.67,1186.04,1246.76
2022-02-23 00:00:00,1247.26,0.480000000000018,0.000384991738718955,1247.45,1244.76,1252.15
2022-02-22 00:00:00,1246.78,-12.1000000000001,-0.00961171835282166,1257.17,1235.86,1257.43
2022-02-21 00:00:00,1258.88,-15.9499999999998,-0.0125114721178509,1274.07,1257.1,1274.49
2022-02-18 00:00:00,1274.83,-11.99,-0.00931754246903219,1287.09,1273.85,1287.26
2022-02-17 00:00:00,1286.82,-0.860000000000127,-0.000667867793240656,1289.61,1284.35,1294.9
2022-02-16 00:00:00,1287.68,14.6700000000001,0.0115238686263266,1274.56,1274.39,1290.5
2022-02-15 00:00:00,1273.01,10.26,0.00812512373787368,1263.19,1259.08,1274.73
2022-02-14 00:00:00,1262.75,-21.1800000000001,-0.0164962264297898,1280.41,1259.65,1281.12
2022-02-11 00:00:00,1283.93,-9.01999999999998,-0.00697629452028306,1289.61,1279.31,1289.89
2022-02-10 00:00:00,1292.95,11.9200000000001,0.00930501237285628,1282.29,1281.59,1294.34
2022-02-09 00:00:00,1281.03,19.3899999999999,0.0153688849434069,1262.7,1262.35,1297.85
2022-02-08 00:00:00,1261.64,-0.569999999999936,-0.000451588879821849,1263.15,1251.84,1265.64
2022-02-07 00:00:00,1262.21,0.430000000000064,0.000340788410023985,1263.05,1258.84,1267.13
2022-02-04 00:00:00,1261.78,9.24000000000001,0.007377009915851,1254.13,1253.63,1265.11
2022-02-03 00:00:00,1252.54,-4.02999999999997,-0.00320714325505143,1258.08,1252.25,1258.13
2022-02-02 00:00:00,1256.57,-0.75,-0.00059650685585213,1258.64,1256.26,1261.77
2022-02-01 00:00:00,1257.32,6.8599999999999,0.00548598115893343,1254.3,1251.77,1258.07
2022-01-31 00:00:00,1250.46,19.01,0.0154370863616062,1232.5,1232.1,1252.27
2022-01-28 00:00:00,1231.45,-5.31999999999994,-0.00430152736563786,1235.89,1229.34,1237.82
2022-01-27 00:00:00,1236.77,-14.6400000000001,-0.0116988037493708,1250.19,1227.69,1250.45
2022-01-26 00:00:00,1251.41,2.75999999999999,0.00221038721819564,1249.96,1246.01,1255.14
2022-01-25 00:00:00,1248.65,-8.25999999999999,-0.006571671798299,1257.73,1241.69,1257.79
2022-01-24 00:00:00,1256.91,-21.76,-0.0170176824356558,1278.49,1251.91,1278.54
2022-01-21 00:00:00,1278.67,-10.1999999999998,-0.00791390908315022,1287.51,1274.33,1288.38
2022-01-20 00:00:00,1288.87,18.3,0.0144029844872773,1272.19,1269.32,1291.63
2022-01-19 00:00:00,1270.57,0.429999999999836,0.000338545357204589,1269.7,1260.91,1272.83
2022-01-18 00:00:00,1270.14,-15.5,-0.0120562521390125,1287.77,1268.58,1290.52
2022-01-17 00:00:00,1285.64,-1.25999999999999,-0.000979097054938216,1286.91,1283.09,1289.3
2022-01-14 00:00:00,1286.9,-3.16999999999985,-0.00245723100296871,1289.95,1280.09,1292.24
2022-01-13 00:00:00,1290.07,-1.91000000000008,-0.00147835105806598,1293.68,1289.72,1296.51
2022-01-12 00:00:00,1291.98,25.0999999999999,0.0198124526395554,1268.53,1268.22,1294.13
2022-01-11 00:00:00,1266.88,11.6500000000001,0.0092811675947835,1256.34,1253.34,1268.51
2022-01-10 00:00:00,1255.23,9.08999999999992,0.00729452549472765,1247.85,1244.97,1259.23
2022-01-07 00:00:00,1246.14,7.36000000000013,0.00594132937244719,1239.42,1236.6,1247.51
2022-01-06 00:00:00,1238.78,-4.96000000000004,-0.00398797176258707,1242.03,1230.7,1242.41
2022-01-05 00:00:00,1243.74,-9.93000000000006,-0.0079207446935797,1253.92,1241.08,1256.35
2022-01-04 00:00:00,1253.67,4.83000000000015,0.00386758912270599,1249.28,1249.11,1257.27
2022-01-03 00:00:00,1248.84,1.83999999999992,0.00147554129911782,1246.76,1244.45,1253.12
2022-01-01 00:00:00,1270.15,1.83,0.0016,1246.5,1244.77,1277.12
2021-12-31 00:00:00,1247,10.48,0.00847539869957624,1237.52,1236.81,1249.32
2021-12-30 00:00:00,1236.52,4.76999999999998,0.00387253907042824,1232.99,1229.36,1237.19
2021-12-29 00:00:00,1231.75,-7.28999999999996,-0.0058835872933884,1239.51,1231.75,1240.83
2021-12-28 00:00:00,1239.04,4.80999999999995,0.0038971666545133,1235.15,1233.28,1241.95
2021-12-27 00:00:00,1234.23,4.50999999999999,0.00366750154506716,1232.43,1232.09,1235.39
2021-12-24 00:00:00,1229.72,-1.96000000000004,-0.00159132242140819,1234.35,1229.72,1237.28
2021-12-23 00:00:00,1231.68,11.76,0.00963997639189454,1222.96,1222.36,1234.22
2021-12-22 00:00:00,1219.92,6.46000000000004,0.00532362006164195,1214.42,1213.62,1222.79
2021-12-21 00:00:00,1213.46,13.5,0.0112503750125004,1201.55,1199.89,1216.52
2021-12-20 00:00:00,1199.96,-24.23,-0.0197926792409675,1222.52,1199.08,1222.95
2021-12-17 00:00:00,1224.19,-8.99000000000001,-0.00729009552538965,1233.57,1221.44,1233.99
2021-12-16 00:00:00,1233.18,9.36000000000013,0.00764818355640546,1226.03,1221.98,1235.87
2021-12-15 00:00:00,1223.82,-8.73000000000002,-0.00708287696239505,1232.37,1220.85,1234.68
2021-12-14 00:00:00,1232.55,-8.04999999999995,-0.00648879574399481,1241.1,1230.36,1241.17
2021-12-13 00:00:00,1240.6,-8.68000000000006,-0.00694800204918038,1250.57,1240.22,1260.23
2021-12-10 00:00:00,1249.28,-8.27999999999997,-0.00658417888609686,1257.47,1243.82,1257.5
2021-12-09 00:00:00,1257.56,5.75,0.00459334883089287,1253.36,1252.68,1263.8
2021-12-08 00:00:00,1251.81,5.6099999999999,0.00450168512277315,1247.32,1247.24,1253.27
2021-12-07 00:00:00,1246.2,22.72,0.0185699807107595,1223.7,1223.36,1247.41
2021-12-06 00:00:00,1223.48,-12.79,-0.0103456364709974,1237.45,1220.67,1237.53
2021-12-03 00:00:00,1236.27,-11.75,-0.00941491322254451,1247.59,1235.31,1247.96
2021-12-02 00:00:00,1248.02,9.75,0.00787388857034411,1236.46,1233.9,1248.76
2021-12-01 00:00:00,1238.27,12.3399999999999,0.0100658275757995,1229.54,1227.5,1243.78
2021-11-30 00:00:00,1225.93,-3.89999999999986,-0.00317116999910546,1231.41,1220.47,1234.48
2021-11-29 00:00:00,1229.83,-2.44000000000005,-0.001980085533203,1232.09,1227.81,1235.87
2021-11-26 00:00:00,1232.27,-35.0799999999999,-0.0276798043160926,1266.21,1229.59,1266.59
2021-11-25 00:00:00,1267.35,4.25999999999999,0.00337268128161888,1262.98,1261.56,1268.29
2021-11-24 00:00:00,1263.09,-3.74000000000001,-0.00295225089396368,1268.94,1259.93,1270.08
2021-11-23 00:00:00,1266.83,-6.98000000000002,-0.0054796241197667,1273.13,1263.27,1273.27
2021-11-22 00:00:00,1273.81,-11.72,-0.00911686230581941,1284.54,1272.42,1286.56
2021-11-19 00:00:00,1285.53,-6.74000000000001,-0.00521562831296866,1292.4,1283.74,1295
2021-11-18 00:00:00,1292.27,-14.3099999999999,-0.0109522570374565,1306.96,1290.5,1307.91
2021-11-17 00:00:00,1306.58,-0.150000000000091,-0.000114790354549211,1307.01,1304.55,1311.52
2021-11-16 00:00:00,1306.73,4.51999999999998,0.00347102233894685,1302.66,1302.26,1314.05
2021-11-15 00:00:00,1302.21,1.59000000000015,0.00122249388753067,1300.87,1300.74,1306.3
2021-11-12 00:00:00,1300.62,3.00999999999999,0.00231964920122378,1297.49,1297.38,1305.45
2021-11-11 00:00:00,1297.61,4.97999999999979,0.00385261056914956,1291.57,1283.74,1299.28
2021-11-10 00:00:00,1292.63,3.96000000000004,0.00307293566234958,1288.71,1282.56,1296.54
2021-11-09 00:00:00,1288.67,5,0.0038950820693792,1284.89,1284.34,1292.29
2021-11-08 00:00:00,1283.67,5.91000000000008,0.0046252817430504,1279.85,1273.83,1285.22
2021-11-05 00:00:00,1277.76,-3.51999999999998,-0.00274725274725273,1281.18,1274.28,1283.9
2021-11-04 00:00:00,1281.28,6.78999999999996,0.00532762124457623,1277.98,1277.69,1285.46
2021-11-03 00:00:00,1274.49,1.80999999999995,0.00142219568155384,1272.59,1268.68,1277.49
2021-11-02 00:00:00,1272.68,-1.45000000000005,-0.00113803144106178,1274.39,1271.13,1284.76
2021-11-01 00:00:00,1274.13,-3.05999999999995,-0.00239588471566482,1276.73,1267.54,1277.7
2021-10-29 00:00:00,1277.19,-10.5599999999999,-0.00820034944670933,1288.9,1275.9,1289.11
2021-10-28 00:00:00,1287.75,-8.05999999999995,-0.00622004769217705,1296.93,1287.75,1298.29
2021-10-27 00:00:00,1295.81,-14.05,-0.0107263371658039,1311.14,1295.46,1311.26
2021-10-26 00:00:00,1309.86,-0.3900000000001,-0.000297653119633734,1311.6,1308.42,1315.59
2021-10-25 00:00:00,1310.25,0.849999999999909,0.000649152283488551,1310.37,1303.97,1311.96
2021-10-22 00:00:00,1309.4,0.310000000000173,0.000236805720004104,1308.69,1307.18,1314.49
2021-10-21 00:00:00,1309.09,-9.52999999999997,-0.00722725273391877,1319.57,1306.58,1322.89
2021-10-20 00:00:00,1318.62,7.51999999999998,0.0057356418274731,1312.27,1312.06,1321.41
2021-10-19 00:00:00,1311.1,8.6099999999999,0.00661041543505125,1303.8,1303.51,1317.49
2021-10-18 00:00:00,1302.49,-0.0199999999999818,-1.53549684839132e-05,1300.33,1299.77,1303.99
2021-10-15 00:00:00,1302.51,18.5799999999999,0.0144711939124407,1285.84,1285.38,1304.06
2021-10-14 00:00:00,1283.93,3.75,0.00292927557062288,1282.95,1282.08,1286.63
2021-10-13 00:00:00,1280.18,4.92000000000007,0.00385803679249727,1275.9,1274.75,1282.69
2021-10-12 00:00:00,1275.26,-9.3900000000001,-0.00730938387887759,1283.91,1270.86,1284.1
2021-10-11 00:00:00,1284.65,10.52,0.00825661431722036,1273.57,1273.26,1288.5
2021-10-08 00:00:00,1274.13,4.3900000000001,0.00345740072770811,1269.25,1266.68,1277.84
2021-10-07 00:00:00,1269.74,26.54,0.0213481338481338,1245.02,1244.87,1270.95
2021-10-06 00:00:00,1243.2,-9.14999999999986,-0.00730626422326016,1252.81,1240.11,1255.93
2021-10-05 00:00:00,1252.35,3.40999999999985,0.00273031530738054,1248.25,1236.38,1253.75
2021-10-04 00:00:00,1248.94,-11.6099999999999,-0.0092102653603585,1262.52,1247.15,1267.23
2021-10-01 00:00:00,1260.55,-2.87000000000012,-0.00227161197384885,1264.1,1256.1,1264.16
2021-09-30 00:00:00,1263.42,0.880000000000109,0.000697007619560655,1261.94,1254.35,1266.13
2021-09-29 00:00:00,1262.54,-6.88000000000011,-0.00541979801799255,1269.16,1253.62,1269.29
2021-09-28 00:00:00,1269.42,-3.04999999999995,-0.00239691309028893,1272.67,1267.78,1281.42
2021-09-27 00:00:00,1272.47,1.68000000000006,0.00132201229156671,1270.75,1268.55,1278.6
2021-09-24 00:00:00,1270.79,-7.87000000000012,-0.00615488089093279,1278.06,1269.55,1283.48
2021-09-23 00:00:00,1278.66,12.98,0.0102553568042475,1265.65,1264.77,1279.64
2021-09-22 00:00:00,1265.68,1.16000000000008,0.000917344130579257,1265.37,1258.16,1268.75
2021-09-21 00:00:00,1264.52,4.52999999999997,0.00359526662910021,1260.4,1252.54,1265.88
2021-09-20 00:00:00,1259.99,-23.99,-0.018684091652518,1282.61,1257.14,1282.85
2021-09-17 00:00:00,1283.98,1.20000000000005,0.00093546827982978,1282.51,1278.51,1291.5
2021-09-16 00:00:00,1282.78,-11.6300000000001,-0.00898478843643058,1296.04,1280.44,1296.4
2021-09-15 00:00:00,1294.41,-9.14999999999986,-0.00701923962073082,1303.88,1292.74,1304.02
2021-09-14 00:00:00,1303.56,-7.80999999999995,-0.00595560368164587,1312.44,1302.42,1314.04
2021-09-13 00:00:00,1311.37,-7.66000000000008,-0.00580729778701021,1318.4,1302.03,1318.55
2021-09-10 00:00:00,1319.03,9.88999999999987,0.00755457781444297,1310.71,1309.09,1325.55
2021-09-09 00:00:00,1309.14,-14.1399999999999,-0.0106855691917054,1323.7,1305.48,1323.75
2021-09-08 00:00:00,1323.28,-9.80999999999995,-0.00735884298884542,1333.52,1322.91,1337.47
2021-09-07 00:00:00,1333.09,1.78999999999996,0.00134455043942009,1332.11,1330.03,1336.43
2021-09-06 00:00:00,1331.3,10.6199999999999,0.00804131205136739,1320.97,1319.32,1331.75
2021-09-03 00:00:00,1320.68,3.16000000000008,0.00239844556439377,1317.69,1311.55,1322.14
2021-09-02 00:00:00,1317.52,0.849999999999909,0.000645567985903764,1316.49,1315.88,1325.74
2021-09-01 00:00:00,1316.67,3.05000000000018,0.0023218282303864,1314.13,1307.99,1317.98
2021-08-31 00:00:00,1313.62,21.53,0.0166629259571701,1292.35,1280.66,1317.24
2021-08-30 00:00:00,1292.09,13.8599999999999,0.0108431190004928,1279.94,1278.26,1292.36
2021-08-27 00:00:00,1278.23,8.91000000000008,0.00701950650742136,1269.83,1268.38,1279.99
2021-08-26 00:00:00,1269.32,-7.93000000000006,-0.00620865139949114,1278.95,1269.03,1282.62
2021-08-25 00:00:00,1277.25,6.02999999999997,0.00474347477226599,1272.15,1270.9,1282.21
2021-08-24 00:00:00,1271.22,31.71,0.0255826899339255,1240.66,1240.18,1272.34
2021-08-23 00:00:00,1239.51,16.96,0.0138726432456751,1223.87,1223.61,1241.63
2021-08-20 00:00:00,1222.55,-12.3300000000002,-0.00998477584866558,1234.15,1217.54,1236.6
2021-08-19 00:00:00,1234.88,-28.3999999999999,-0.0224811601545183,1261.79,1232.23,1262.01
2021-08-18 00:00:00,1263.28,4.93000000000006,0.00391782890292849,1257.58,1252.71,1267.3
2021-08-17 00:00:00,1258.35,-15.5500000000002,-0.0122066096239895,1273.97,1255.32,1274.07
2021-08-16 00:00:00,1273.9,-8.86999999999989,-0.00691472360594642,1283.23,1272.79,1283.8
2021-08-13 00:00:00,1282.77,-6.00999999999999,-0.00466332500504352,1289.07,1277.79,1289.19
2021-08-12 00:00:00,1288.78,-5.24000000000001,-0.00404939645445975,1296.02,1287.86,1296.33
2021-08-11 00:00:00,1294.02,0.910000000000082,0.00070372976776924,1293.94,1289.24,1296.81
2021-08-10 00:00:00,1293.11,10.01,0.00780141843971631,1284.26,1282.12,1296.73
2021-08-09 00:00:00,1283.1,2.31999999999994,0.00181139618045249,1280.73,1270.57,1286.58
2021-08-06 00:00:00,1280.78,-7.77999999999997,-0.00603774756317127,1286.6,1279.41,1286.81
2021-08-05 00:00:00,1288.56,-4.43000000000006,-0.00342616725574062,1294.67,1285.71,1297.58
2021-08-04 00:00:00,1292.99,8.05999999999995,0.00627271524518841,1287.27,1283.27,1300.11
2021-08-03 00:00:00,1284.93,-0.329999999999927,-0.000256757387610232,1283.95,1272.14,1290.39
2021-08-02 00:00:00,1285.26,15.6900000000001,0.0123585150877857,1269.02,1261.57,1288.79
2021-07-30 00:00:00,1269.57,-16.4100000000001,-0.0127606961228014,1286.75,1268.43,1286.79
2021-07-29 00:00:00,1285.98,31.4000000000001,0.0250282963222753,1285.01,1284.46,1287.41
2021-07-28 00:00:00,1254.58,16.4499999999998,0.0132861654268936,1238.17,1228.97,1257.16
2021-07-27 00:00:00,1238.13,-31.52,-0.0248257393769936,1270.41,1233.24,1271.79
2021-07-26 00:00:00,1269.65,-32.75,-0.0251458845208845,1301.61,1268.1,1302.56
2021-07-23 00:00:00,1302.4,-17.48,-0.013243628208625,1320.04,1300.33,1322.95
2021-07-22 00:00:00,1319.88,14.2900000000002,0.0109452431467767,1308.53,1308.16,1321.73
2021-07-21 00:00:00,1305.59,2.02999999999997,0.00155727392678509,1304.98,1299.46,1308.69
2021-07-20 00:00:00,1303.56,-6.8900000000001,-0.00525773589225083,1309.25,1297.37,1309.8
2021-07-19 00:00:00,1310.45,-23.3499999999999,-0.0175063727695306,1333.1,1307.7,1333.42
2021-07-16 00:00:00,1333.8,-9.3900000000001,-0.00699082036048519,1342.84,1331.23,1343.17
2021-07-15 00:00:00,1343.19,8.80999999999995,0.00660231718101286,1335.69,1335.06,1347.83
2021-07-14 00:00:00,1334.38,0.930000000000064,0.000697438974089815,1331.69,1328.89,1336.77
2021-07-13 00:00:00,1333.45,13.1600000000001,0.00996750713858325,1321.73,1321.4,1336.62
2021-07-12 00:00:00,1320.29,7.76999999999998,0.00591990979185078,1314.13,1313.76,1325.24
2021-07-09 00:00:00,1312.52,5.91000000000008,0.00452315534092046,1307.47,1294.58,1314.06
2021-07-08 00:00:00,1306.61,-25.97,-0.0194885110087199,1333.98,1303.38,1334.11
2021-07-07 00:00:00,1332.58,-3.6400000000001,-0.00272410231848056,1335.64,1327.15,1337.16
2021-07-06 00:00:00,1336.22,-9.88999999999987,-0.00734709644828422,1344.66,1334.19,1346.92
2021-07-05 00:00:00,1346.11,-2.40000000000009,-0.00177974208570948,1350.7,1344.73,1352.47
2021-07-02 00:00:00,1348.51,-13.8,-0.0101298529703224,1361.73,1345.33,1364.91
2021-07-01 00:00:00,1362.31,-4.90000000000009,-0.00358394101857073,1368.37,1360.38,1368.77
2021-06-30 00:00:00,1367.21,-4.97000000000003,-0.00362197379352565,1371.72,1366.25,1376.19
2021-06-29 00:00:00,1372.18,-2.93999999999983,-0.00213799522950712,1375.41,1368.22,1378.38
2021-06-28 00:00:00,1375.12,-0.2800000000002,-0.000203577141195434,1374.78,1372.98,1378.93
2021-06-25 00:00:00,1375.4,11.6200000000001,0.00852043584742416,1365.7,1364.6,1379.5
2021-06-24 00:00:00,1363.78,5.51999999999998,0.00406402308836304,1358.15,1356.24,1365.76
2021-06-23 00:00:00,1358.26,15.8699999999999,0.0118221977219734,1344.44,1344.38,1361.95
2021-06-22 00:00:00,1342.39,-6.78999999999996,-0.00503268652070144,1349.89,1340.54,1352.43
2021-06-21 00:00:00,1349.18,-11.6699999999998,-0.00857552265128401,1358.99,1342.66,1359.7
2021-06-18 00:00:00,1360.85,-1.25999999999999,-0.000925035422983453,1362.34,1357.48,1366.89
2021-06-17 00:00:00,1362.11,-7.15000000000009,-0.00522179863575953,1364.74,1359.8,1368.63
2021-06-16 00:00:00,1369.26,-11.1099999999999,-0.00804856668864138,1381.78,1363.55,1382.03
2021-06-15 00:00:00,1380.37,-5.35000000000014,-0.00386080882140702,1385.18,1378.53,1391.67
2021-06-14 00:00:00,1385.72,1.97000000000003,0.00142366757000905,1382.69,1379.44,1385.98
2021-06-11 00:00:00,1383.75,0.759999999999991,0.00054953398072292,1384.68,1380.98,1388.52
2021-06-10 00:00:00,1382.99,6.19000000000005,0.00449593259732717,1375.78,1375.61,1385.84
2021-06-09 00:00:00,1376.8,-2.06999999999994,-0.00150122926744359,1379.78,1375.05,1380.19
2021-06-08 00:00:00,1378.87,-3.08000000000015,-0.00222873475885535,1382.68,1377.09,1386.94
2021-06-07 00:00:00,1381.95,-2.14999999999986,-0.00155335597138925,1386.91,1376.54,1387.2
2021-06-04 00:00:00,1384.1,-1.80000000000018,-0.00129879500685488,1385.48,1377.61,1386.4
2021-06-03 00:00:00,1385.9,-7.99000000000001,-0.00573215963956984,1395.25,1383.54,1399.2
2021-06-02 00:00:00,1393.89,0.340000000000146,0.000243981199095939,1393.75,1387.73,1397.04
2021-06-01 00:00:00,1393.55,14.45,0.0104778478718005,1380.34,1380.09,1394.93
2021-05-31 00:00:00,1379.1,16.5,0.0121092029942757,1363.32,1362.81,1381.45
2021-05-28 00:00:00,1362.6,5.82999999999993,0.00429697000965523,1356.04,1355.78,1364.52
2021-05-27 00:00:00,1356.77,2.65000000000009,0.00195699051782714,1353.64,1346.07,1362.55
2021-05-26 00:00:00,1354.12,6.75,0.00500975975418779,1347.37,1346.89,1355.37
2021-05-25 00:00:00,1347.37,20.3399999999999,0.0153274605698439,1326.78,1326.66,1350.01
2021-05-24 00:00:00,1327.03,-4.97000000000003,-0.00373123123123125,1330.74,1322.58,1331.2
2021-05-21 00:00:00,1332,2.00999999999999,0.0015112895585681,1331.08,1327.76,1340.96
2021-05-20 00:00:00,1329.99,0.0899999999999181,6.76742612225868e-05,1329.71,1323.11,1331.59
2021-05-19 00:00:00,1329.9,-6.14999999999986,-0.00460312114067577,1335.7,1327.24,1338.13
2021-05-18 00:00:00,1336.05,22.72,0.0172995362932393,1313.06,1312.53,1337.51
2021-05-17 00:00:00,1313.33,6.48000000000002,0.00495848796724951,1307.64,1299.68,1313.63
2021-05-14 00:00:00,1306.85,9.79999999999995,0.00755560695424228,1297.07,1295.13,1307.64
2021-05-13 00:00:00,1297.05,-21.5699999999999,-0.0163580106474951,1315.89,1295.13,1316.18
2021-05-12 00:00:00,1318.62,-6.92000000000007,-0.00522051390376758,1325.88,1308.66,1330.22
2021-05-11 00:00:00,1325.54,-20.26,-0.0150542428295438,1345.84,1319.85,1346.06
2021-05-10 00:00:00,1345.8,-5.16000000000008,-0.00381950612897501,1347.01,1345.29,1347.49
2021-05-07 00:00:00,1350.96,7.80999999999995,0.00581468934966306,1344.09,1343.95,1353.81
2021-05-06 00:00:00,1343.15,10.6800000000001,0.00801518983541848,1333.26,1329.32,1344.23
2021-05-05 00:00:00,1332.47,-3.69000000000005,-0.00276164531193873,1337.23,1328.38,1338.14
2021-05-04 00:00:00,1336.16,-4.63999999999987,-0.00346062052505957,1341.16,1334.64,1342.45
2021-05-03 00:00:00,1340.8,-7.11000000000013,-0.00527483288943633,1341.47,1340.8,1342.05
2021-04-30 00:00:00,1347.91,-18.9099999999999,-0.0138350331426229,1367.71,1347.58,1368.53
2021-04-29 00:00:00,1366.82,-0.0700000000001637,-5.12111435449551e-05,1369.33,1366.51,1376.95
2021-04-28 00:00:00,1366.89,7.61000000000013,0.00559855217468081,1369.48,1366.89,1369.76
2021-04-27 00:00:00,1359.28,0.190000000000055,0.00013979942461504,1360.16,1355.95,1362.42
2021-04-26 00:00:00,1359.09,6.30999999999995,0.0046644687236653,1354.19,1353.8,1362.1
2021-04-23 00:00:00,1352.78,12.1900000000001,0.00909301128607557,1348.24,1347.58,1354.87
2021-04-22 00:00:00,1340.59,4.75,0.00355581506767278,1335.51,1335.22,1342.72
2021-04-21 00:00:00,1335.84,-10.1300000000001,-0.00752617071702944,1344.93,1330.83,1344.99
2021-04-20 00:00:00,1345.97,-2.36999999999989,-0.0017577168963317,1348.61,1341.89,1353.1
2021-04-19 00:00:00,1348.34,0.689999999999827,0.000512002374503638,1348.28,1341.58,1355.62
2021-04-16 00:00:00,1347.65,9.81000000000017,0.0073327154218742,1339.85,1334.92,1348.54
2021-04-15 00:00:00,1337.84,3.90999999999985,0.00293118829323867,1335.54,1325.01,1339.68
2021-04-14 00:00:00,1333.93,15.54,0.0117871039677182,1319.79,1319.35,1335.87
2021-04-13 00:00:00,1318.39,0.700000000000045,0.000531232687506201,1317.46,1311.47,1326.9
2021-04-12 00:00:00,1317.69,-11.6399999999999,-0.00875629076301586,1328.44,1315.74,1334.65
2021-04-09 00:00:00,1329.33,-11.5800000000002,-0.00863592634852462,1341.6,1328.63,1344.94
2021-04-08 00:00:00,1340.91,4.00999999999999,0.00299947640062831,1336.54,1330.47,1343.02
2021-04-07 00:00:00,1336.9,-10.0799999999999,-0.00748340732601815,1348.21,1334.79,1353
2021-04-06 00:00:00,1346.98,5.5,0.00409994930971763,1342.34,1341.44,1349.12
2021-04-05 00:00:00,1341.48,-1.01999999999998,-0.000759776536312836,1341.47,1337.17,1342.43
2021-04-02 00:00:00,1342.5,0.910000000000082,0.000678299629544109,1341.78,1341.27,1343.02
2021-04-01 00:00:00,1341.59,24.6699999999998,0.0187331045165992,1318.16,1317.41,1344.67
2021-03-31 00:00:00,1316.92,-3.92999999999984,-0.00297535677783233,1321.32,1312.04,1323.98
2021-03-30 00:00:00,1320.85,10.73,0.00819008945745429,1310.92,1309.19,1321.85
2021-03-29 00:00:00,1310.12,1.81999999999994,0.00139111824505078,1307.6,1304.86,1313.98
2021-03-26 00:00:00,1308.3,16.98,0.0131493355636093,1292.17,1291.81,1311.03
2021-03-25 00:00:00,1291.32,-11.99,-0.00919965319072209,1302.23,1284.95,1302.75
2021-03-24 00:00:00,1303.31,-24.3800000000001,-0.0183627202133029,1325.7,1301.72,1326.23
2021-03-23 00:00:00,1327.69,-12.55,-0.00936399450844621,1341.58,1325.37,1347.6
2021-03-22 00:00:00,1340.24,0.539999999999964,0.000403075315369085,1339.61,1335.96,1346.63
2021-03-19 00:00:00,1339.7,-10.4199999999998,-0.00771783248896383,1348.53,1330.87,1348.64
2021-03-18 00:00:00,1350.12,5.78999999999996,0.0043069781973176,1348.71,1347.2,1361.52
2021-03-17 00:00:00,1344.33,-6.53999999999996,-0.00484132447977967,1351.12,1338.6,1352.68
2021-03-16 00:00:00,1350.87,6.25999999999999,0.00465562505113006,1346.29,1345.89,1354.71
2021-03-15 00:00:00,1241.41,-8.25999999999999,-0.00610553859572612,1353.76,1339.93,1358.5
2021-03-12 00:00:00,1352.87,-15.2700000000002,-0.0111611384799803,1371.3,1349.38,1378.99
2021-03-11 00:00:00,1368.14,31.6200000000001,0.0236584562894683,1355.3,1352.13,1371.43
2021-03-10 00:00:00,1336.52,11.05,0.00833666548469596,1327.75,1327.54,1342.38
2021-03-09 00:00:00,1325.47,11.23,0.00854486242999758,1310.09,1296.95,1328.74
2021-03-08 00:00:00,1314.24,-29.6299999999999,-0.0220482635969252,1343.84,1310.37,1351.72
2021-03-05 00:00:00,1343.87,-6.5300000000002,-0.00483560426540299,1345.59,1330.88,1348.91
2021-03-04 00:00:00,1350.4,-29.55,-0.0214138193412804,1380.06,1343.61,1380.51
2021-03-03 00:00:00,1379.95,23.25,0.0171371710768777,1358.24,1356.3,1384.62
2021-03-02 00:00:00,1356.7,-4.19000000000005,-0.00307886750582343,1360.27,1354.18,1373.65
2021-03-01 00:00:00,1360.89,26.3100000000002,0.0197140673470307,1334.02,1333.82,1362.52
2021-02-26 00:00:00,1334.58,-44.5500000000002,-0.0323029736138001,1375.11,1331.35,1375.5
2021-02-25 00:00:00,1379.13,2.43000000000006,0.00176509043364572,1378.41,1374.7,1397.88
2021-02-24 00:00:00,1076.7,-19.4300000000001,-0.0139170421092592,1396.44,1372.46,1400.09
2021-02-23 00:00:00,1096.13,2.1400000000001,0.00153516165826161,1395.51,1382.19,1404.35
2021-02-22 00:00:00,1033.99,-31.45,-0.0220633628914581,1425.8,1393.95,1435.36
2021-02-19 00:00:00,1425.44,1.83000000000015,0.00128546441792356,1425.21,1412.16,1428.29
2021-02-18 00:00:00,1423.61,-17.3700000000001,-0.0120542963816293,1442.39,1421.2,1447.08
2021-02-17 00:00:00,1440.98,9.78999999999996,0.0068404614341911,1429.91,1429.89,1445.07
2021-02-16 00:00:00,1431.19,2.3900000000001,0.00167273236282202,1429.27,1427.15,1436.81
2021-02-15 00:00:00,1428.8,4.53999999999996,0.00318762023787789,1424.8,1424.65,1429.32
2021-02-12 00:00:00,1424.26,1.27999999999997,0.000899520724114164,1423.65,1419.07,1426.59
2021-02-11 00:00:00,1422.98,4.43000000000006,0.00312290719396571,1418.55,1413.55,1426.88
2021-02-10 00:00:00,1418.55,13.45,0.00957227243612558,1406.95,1406.65,1421.82
2021-02-09 00:00:00,1405.1,8.5,0.00608620936560218,1396.41,1396.27,1406.74
2021-02-08 00:00:00,1396.6,5.78999999999996,0.00416304168074716,1390.83,1390.79,1400.3
2021-02-05 00:00:00,1390.81,7.71000000000004,0.00557443424192035,1384.22,1383.5,1395.01
2021-02-04 00:00:00,1383.1,-1.29000000000019,-0.000931818345986457,1385.35,1372.19,1385.91
2021-02-03 00:00:00,1384.39,11.4000000000001,0.00830304663544533,1374.1,1373.08,1388.1
2021-02-02 00:00:00,1372.99,20.6400000000001,0.0152623211446742,1352.98,1352.92,1378.04
2021-02-01 00:00:00,1352.35,30.53,0.0230969420949902,1320.83,1320.09,1353.03
2021-01-29 00:00:00,1321.82,-17.8400000000001,-0.0133168117283491,1340.54,1320.05,1353.96
2021-01-28 00:00:00,1339.66,-18.1199999999999,-0.013345313673791,1355.58,1334.19,1356.29
2021-01-27 00:00:00,1357.78,-16.98,-0.0123512467630714,1375.68,1355.62,1380.99
2021-01-26 00:00:00,1374.76,-20.23,-0.0145018960709396,1395.91,1368.98,1397.4
2021-01-25 00:00:00,1394.99,17.21,0.0124911088853083,1377.56,1375.01,1399.47
2021-01-22 00:00:00,1377.78,-14.79,-0.0106206510265193,1392.5,1375.87,1395.3
2021-01-21 00:00:00,1392.57,3.54999999999995,0.00255575873637525,1390.39,1389.25,1403.78
2021-01-20 00:00:00,1389.02,19.79,0.0144533789063926,1369.01,1368.71,1393.19
2021-01-19 00:00:00,1369.23,19.4200000000001,0.0143872100517851,1349.71,1349.61,1370.18
2021-01-18 00:00:00,1349.81,7.03999999999996,0.00524289342180713,1342.1,1335.54,1350.74
2021-01-15 00:00:00,1342.77,-5.43000000000006,-0.0040275923453494,1349.1,1341.12,1358.45
2021-01-14 00:00:00,1348.2,11.9400000000001,0.00893538682591715,1335.89,1332.47,1350.62
2021-01-13 00:00:00,1336.26,12.6299999999999,0.00954194147911416,1327.34,1326.94,1338.93
2021-01-12 00:00:00,1323.63,6.26000000000022,0.00475189202729698,1317.48,1314.09,1327.79
2021-01-11 00:00:00,1317.37,-1.86000000000013,-0.00140991335855016,1317.87,1315.99,1326.34
2021-01-08 00:00:00,1319.23,24.9200000000001,0.0192535018658591,1293.06,1292.88,1319.23
2021-01-07 00:00:00,1294.31,1.99000000000001,0.00153986628698775,1293.08,1288.22,1297.24
2021-01-06 00:00:00,1292.32,-0.730000000000018,-0.000564556668342306,1294.49,1292.32,1302.93
2021-01-05 00:00:00,1293.05,11.73,0.00915462179627261,1279.04,1277,1295
2021-01-04 00:00:00,1281.32,8.59999999999991,0.00675718146960833,1273.54,1277,1284
2021-01-03 00:00:00,1428.8,8.34,0.0062,1252,1333,1283
2021-01-02 00:00:00,1246.68,8.57,0.0064,1234,1270.08,1286.31
2021-01-01 00:00:00,1243.26,9.59999999999991,0.0065,1222,1270.08,1286.31
2020-12-31 00:00:00,1272.72,1.97000000000003,0.00155026559118633,1271.02,1270.65,1276.95
2020-12-30 00:00:00,1270.75,20.27,0.0162097754462286,1250.24,1249.92,1271.72
2020-12-29 00:00:00,1250.48,14.8299999999999,0.0120017804394448,1236.71,1236.6,1251.12
2020-12-28 00:00:00,1235.65,-4.73000000000002,-0.00381334752253343,1240.11,1234.42,1241.8
2020-12-25 00:00:00,1240.38,1.21000000000004,0.000976460049872121,1239.19,1239.1,1241.2
2020-12-24 00:00:00,1239.17,-11.0799999999999,-0.00886222755448904,1250.08,1235.04,1252.4
2020-12-23 00:00:00,1250.25,6.28999999999996,0.00505643268272289,1243.69,1241.49,1250.97
2020-12-22 00:00:00,1243.96,-5.46000000000004,-0.00437002769284951,1250.26,1240.27,1251.83
2020-12-21 00:00:00,1249.42,-14.4099999999999,-0.0114018499323484,1262.03,1245.04,1263.82
2020-12-18 00:00:00,1263.83,-4.25999999999999,-0.00335938300909241,1268.59,1260.43,1270.05
2020-12-17 00:00:00,1268.09,10.8199999999999,0.00860594780755123,1258.7,1258.13,1268.51
2020-12-16 00:00:00,1257.27,14.8499999999999,0.011952479837736,1244.04,1243.66,1258.86
2020-12-15 00:00:00,1242.42,-0.839999999999918,-0.00067564306741946,1243.44,1236.96,1245.09
2020-12-14 00:00:00,1243.26,-9.75999999999999,-0.00778918133788766,1253.52,1243.2,1253.55
2020-12-11 00:00:00,1253.02,3.63999999999987,0.002913445068754,1250.17,1249.33,1256.5
2020-12-10 00:00:00,1249.38,-0.789999999999964,-0.000631914059687853,1249.1,1242.03,1250.35
2020-12-09 00:00:00,1250.17,-1.67999999999984,-0.00134201381954694,1250.9,1246.77,1256.89
2020-12-08 00:00:00,1251.85,4.1099999999999,0.00329395547149238,1247.27,1245.38,1253.05
2020-12-07 00:00:00,1247.74,1.05999999999995,0.000850258286007593,1247.07,1240.13,1250.53
2020-12-04 00:00:00,1246.68,7.37000000000012,0.00594685752555867,1239.32,1239.06,1249.28
2020-12-03 00:00:00,1239.31,10.51,0.00855305989583333,1230.39,1228.92,1241.65
2020-12-02 00:00:00,1228.8,1.5,0.00122219506233195,1228.8,1222.9,1232.82
2020-12-01 00:00:00,1227.3,21.9099999999999,0.018176689702088,1206.41,1206.16,1229.09
2020-11-30 00:00:00,1205.39,-28.04,-0.0227333533317659,1233.76,1205.39,1237.84
2020-11-27 00:00:00,1233.43,-0.299999999999955,-0.000243165036109971,1233.6,1231.9,1237.94
2020-11-26 00:00:00,1233.73,11.3299999999999,0.00926865183246067,1224.4,1224.11,1234.04
2020-11-25 00:00:00,1222.4,-7.38999999999987,-0.00600915603477006,1231,1220.36,1235.48
2020-11-24 00:00:00,1229.79,4.54999999999995,0.00371355816003392,1224.59,1221.09,1231.17
2020-11-23 00:00:00,1225.24,8.25,0.00677902036992909,1216.93,1216.87,1228.3
2020-11-20 00:00:00,1216.99,9.52999999999997,0.00789260099713446,1208.51,1207.46,1217.73
2020-11-19 00:00:00,1207.46,-8.27999999999997,-0.0068106667544047,1214.15,1201.94,1214.37
2020-11-18 00:00:00,1215.74,8.33999999999992,0.00690740433990386,1208.19,1207.94,1218.16
2020-11-17 00:00:00,1207.4,-0.990000000000009,-0.000819271923799443,1209.59,1204.31,1214.19
2020-11-16 00:00:00,1208.39,12.1200000000001,0.0101314920544694,1198.37,1198.31,1210.1
2020-11-13 00:00:00,1196.27,5.5,0.00461886006533588,1189.99,1186.67,1199.05
2020-11-12 00:00:00,1190.77,5.90000000000009,0.00497944922227763,1185.38,1185.14,1195.54
2020-11-11 00:00:00,1184.87,-6.75,-0.00566455749316057,1190.93,1180.32,1191.72
2020-11-10 00:00:00,1191.62,-12.8200000000002,-0.0106439507156854,1203.01,1187.62,1203.59
2020-11-09 00:00:00,1204.44,17.73,0.014940465657153,1188.93,1188.93,1212.49
2020-11-06 00:00:00,1186.71,9.68000000000006,0.00822408944546873,1178.91,1174.16,1189
2020-11-05 00:00:00,1177.03,31.5799999999999,0.0275699506744074,1147.7,1146.82,1179.39
2020-11-04 00:00:00,1145.45,13.6700000000001,0.0120783191079539,1131.33,1125.44,1148.89
2020-11-03 00:00:00,1131.78,3.61999999999989,0.00320876471422484,1128.95,1127.95,1140.63
2020-11-02 00:00:00,1128.16,11.1300000000001,0.00996392218651255,1116.76,1116.52,1129.04
2020-10-30 00:00:00,1117.03,-14.3600000000001,-0.0126923518857336,1131.61,1114.23,1132.98
2020-10-29 00:00:00,1131.39,-0.599999999999909,-0.00053004001802128,1131.25,1122.68,1134.14
2020-10-28 00:00:00,1131.99,-14.1299999999999,-0.0123285519840853,1144.95,1130.43,1148.04
2020-10-27 00:00:00,1146.12,4.29999999999995,0.00376591757019491,1141.82,1138.32,1147.49
2020-10-26 00:00:00,1141.82,-6.38000000000011,-0.00555652325378863,1148.31,1138.26,1149.14
2020-10-23 00:00:00,1148.2,0.840000000000146,0.00073211546506776,1146.84,1143.92,1148.4
2020-10-22 00:00:00,1147.36,-0.290000000000191,-0.000252690280137839,1147.34,1140.55,1148.99
2020-10-21 00:00:00,1147.65,3.70000000000005,0.00323440709821237,1144.2,1144,1150.84
2020-10-20 00:00:00,1143.95,5.91000000000008,0.00519313908122745,1137.81,1135.99,1145.9
2020-10-19 00:00:00,1138.04,4.06999999999994,0.0035891602070601,1133.68,1133.64,1143.06
2020-10-16 00:00:00,1133.97,6.46000000000004,0.00572943920674764,1128.02,1127.37,1135.63
2020-10-15 00:00:00,1127.51,-16.53,-0.0144487954966609,1143.41,1122.43,1143.62
2020-10-14 00:00:00,1144.04,1.61999999999989,0.00141804240121837,1141.91,1140.59,1147.58
2020-10-13 00:00:00,1142.42,-1.31999999999994,-0.00115410845122138,1143.84,1138.96,1144.25
2020-10-12 00:00:00,1143.74,15.55,0.0137831393648233,1128.52,1127.72,1145.08
2020-10-09 00:00:00,1128.19,4.6400000000001,0.00412976725557394,1124.34,1124.09,1131.09
2020-10-08 00:00:00,1123.55,11.0999999999999,0.0099779765382713,1124.1,1123.49,1124.93
2020-10-07 00:00:00,1112.45,4.74000000000001,0.0042790983199574,1104.93,1102.49,1114.83
2020-10-06 00:00:00,1107.71,11.8199999999999,0.0107857540446577,1097.28,1097.02,1110.63
2020-10-05 00:00:00,1095.89,8.81000000000017,0.00810427935386556,1086.94,1086.89,1097.76
2020-10-02 00:00:00,1087.08,-2.72000000000003,-0.00249587080198204,1090.74,1085.97,1090.79
2020-10-01 00:00:00,1089.8,2.8599999999999,0.00263123999484783,1087.83,1087.61,1093.46
2020-09-30 00:00:00,1086.94,14.8400000000001,0.0138419923514599,1073.12,1072.73,1088.39
2020-09-29 00:00:00,1072.1,-2.42000000000007,-0.00225216841008085,1074.58,1070.71,1079.49
2020-09-28 00:00:00,1074.52,10.8599999999999,0.0102100295207114,1063.6,1063.33,1079.69
2020-09-25 00:00:00,1063.66,0.710000000000036,0.000667952396632049,1065.07,1057.86,1070.31
2020-09-24 00:00:00,1062.95,-18.54,-0.0171430156543287,1080.11,1059.04,1080.41
2020-09-23 00:00:00,1081.49,-7.08999999999992,-0.00651307207554789,1087.79,1079.47,1090.47
2020-09-22 00:00:00,1088.58,-4.75,-0.00434452544062634,1094.5,1084.85,1094.66
2020-09-21 00:00:00,1093.33,-20.47,-0.0183785239719878,1112.64,1087.69,1117.14
2020-09-18 00:00:00,1113.8,-0.779999999999973,-0.000699815177017327,1115.83,1111.07,1120.56
2020-09-17 00:00:00,1114.58,-9.51999999999998,-0.00846899742015833,1124.22,1110.08,1124.34
2020-09-16 00:00:00,1124.1,,,1118.67,1118.21,1126.92
